date_local,site_number,pm25_mean,pm25_max,hours
2024-01-01,0004,22.5625,60.5,24
2024-01-01,0048,18.848979591836738,47.7,49
2024-01-01,0055,15.5625,28.7,24
2024-01-01,0057,18.775,36.1,24
2024-01-01,0075,NA,-Inf,0
2024-01-01,0076,15.579166666666667,27.3,24
2024-01-02,0004,7.383333333333334,13.3,24
2024-01-02,0048,5.5125,10.3,48
2024-01-02,0055,6.016666666666667,11.5,24
2024-01-02,0057,6.583333333333333,10.8,24
2024-01-02,0075,NA,-Inf,0
2024-01-02,0076,5.125,9.1,24
2024-01-03,0004,17.379166666666666,28.8,24
2024-01-03,0048,13.197916666666666,20.6,48
2024-01-03,0055,14.208333333333334,19.1,24
2024-01-03,0057,14.316666666666666,22.8,24
2024-01-03,0075,NA,-Inf,0
2024-01-03,0076,12.291666666666666,21.2,24
2024-01-04,0004,14.408333333333333,29.5,24
2024-01-04,0048,11.779591836734694,25.2,49
2024-01-04,0055,10.975,23.1,24
2024-01-04,0057,13.158333333333331,31.3,24
2024-01-04,0075,3.6999999999999997,5,10
2024-01-04,0076,10.920833333333334,22.1,24
2024-01-05,0004,10.429166666666667,20.9,24
2024-01-05,0048,7.275,14,48
2024-01-05,0055,8.408333333333333,16.1,24
2024-01-05,0057,8.529166666666667,14.5,24
2024-01-05,0075,13.095833333333333,31.3,24
2024-01-05,0076,7.4875,14.4,24
2024-01-06,0004,18.35,25,24
2024-01-06,0048,13.014583333333334,19,48
2024-01-06,0055,13.158333333333333,17.1,24
2024-01-06,0057,15.266666666666667,21.1,24
2024-01-06,0075,22.095833333333335,31.5,24
2024-01-06,0076,14.5875,21.4,24
2024-01-07,0004,7.570833333333333,11.7,24
2024-01-07,0048,5.402040816326531,9.6,49
2024-01-07,0055,6.0625,10.9,24
2024-01-07,0057,6.658333333333333,10.6,24
2024-01-07,0075,8.383333333333333,13.9,24
2024-01-07,0076,4.983333333333333,8.1,24
2024-01-08,0004,9.520833333333332,22.3,24
2024-01-08,0048,6.80625,17.6,48
2024-01-08,0055,7.754166666666666,15.9,24
2024-01-08,0057,8.304166666666667,16.8,24
2024-01-08,0075,10.433333333333334,22.1,24
2024-01-08,0076,6.3125,12.3,24
2024-01-09,0004,10.145833333333334,25.7,24
2024-01-09,0048,6.820833333333334,15.8,48
2024-01-09,0055,7.633333333333333,17.5,24
2024-01-09,0057,8.395833333333334,17.4,24
2024-01-09,0075,11.620833333333334,30.3,24
2024-01-09,0076,7.829166666666667,16.4,24
2024-01-10,0004,3.0375,4.9,24
2024-01-10,0048,2.2224489795918365,3.7,49
2024-01-10,0055,2.4208333333333334,3.7,24
2024-01-10,0057,2.625,4.5,24
2024-01-10,0075,3.3333333333333335,5.2,24
2024-01-10,0076,2.091666666666667,3.5,24
2024-01-11,0004,8.4375,11.6,24
2024-01-11,0048,5.870833333333334,10.4,48
2024-01-11,0055,6.170833333333333,8.6,24
2024-01-11,0057,6.383333333333334,8.7,24
2024-01-11,0075,9.4625,13.1,24
2024-01-11,0076,5.591666666666667,7.6,24
2024-01-12,0004,9.658333333333333,15,24
2024-01-12,0048,8,18.1,48
2024-01-12,0055,8.608333333333333,16,24
2024-01-12,0057,8.4375,15.9,24
2024-01-12,0075,11.112499999999999,18.9,24
2024-01-12,0076,7.025,11.6,24
2024-01-13,0004,4.416666666666667,6.5,24
2024-01-13,0048,3.020408163265306,4.9,49
2024-01-13,0055,3.495833333333333,5.1,24
2024-01-13,0057,3.879166666666667,5.5,24
2024-01-13,0075,4.795833333333333,6.6,24
2024-01-13,0076,3.2291666666666665,4.8,24
2024-01-14,0004,5.5,7.2,24
2024-01-14,0048,3.8958333333333335,5.3,48
2024-01-14,0055,4.2375,5.7,24
2024-01-14,0057,4.7,5.9,24
2024-01-14,0075,6.320833333333334,8.3,24
2024-01-14,0076,3.925,5,24
2024-01-15,0004,9.241666666666667,18.2,24
2024-01-15,0048,6.227083333333334,14.7,48
2024-01-15,0055,6.866666666666666,13.5,24
2024-01-15,0057,8.0875,18.2,24
2024-01-15,0075,10.549999999999999,19.7,24
2024-01-15,0076,7.758333333333333,20,24
2024-01-16,0004,14.85,20.5,24
2024-01-16,0048,10.979591836734693,17.7,49
2024-01-16,0055,11.387500000000001,16.1,24
2024-01-16,0057,12.8625,17.7,24
2024-01-16,0075,21.183333333333334,37,24
2024-01-16,0076,13.9,22,24
2024-01-17,0004,9.282608695652174,13.1,23
2024-01-17,0048,6.972916666666666,12.1,48
2024-01-17,0055,9.008333333333333,15.3,24
2024-01-17,0057,7.541666666666667,10.1,24
2024-01-17,0075,13.529166666666667,20.3,24
2024-01-17,0076,6.4875,9.1,24
2024-01-18,0004,12.875,19.1,24
2024-01-18,0048,9.145833333333334,14.5,48
2024-01-18,0055,11.383333333333333,14.1,24
2024-01-18,0057,10.4625,14.8,24
2024-01-18,0075,16.708333333333332,25.7,24
2024-01-18,0076,10.695833333333333,20,24
2024-01-19,0004,20.129166666666666,24.9,24
2024-01-19,0048,15.238775510204082,23.5,49
2024-01-19,0055,15.416666666666666,19.3,24
2024-01-19,0057,17.545833333333334,24.5,24
2024-01-19,0075,28.7125,49.8,24
2024-01-19,0076,17.704166666666666,34,24
2024-01-20,0004,5.575,9,24
2024-01-20,0048,4.308333333333334,7,48
2024-01-20,0055,5.575,19,24
2024-01-20,0057,5.170833333333333,11.1,24
2024-01-20,0075,8.970833333333333,20.9,24
2024-01-20,0076,4.229166666666667,11.9,24
2024-01-21,0004,5.204166666666667,10.2,24
2024-01-21,0048,4.4125,11.4,48
2024-01-21,0055,5.3125,12.8,24
2024-01-21,0057,4.8125,8.7,24
2024-01-21,0075,7.769565217391304,13.2,23
2024-01-21,0076,3.7666666666666666,8.9,24
2024-01-22,0004,13.579166666666666,18.9,24
2024-01-22,0048,9.679591836734694,13.1,49
2024-01-22,0055,12.045833333333333,15.4,24
2024-01-22,0057,10.545833333333333,14.2,24
2024-01-22,0075,18.491666666666667,21.3,24
2024-01-22,0076,10.725,18.5,24
2024-01-23,0004,25.120833333333334,33.7,24
2024-01-23,0048,20.297916666666666,33.3,48
2024-01-23,0055,19.195833333333333,29.7,24
2024-01-23,0057,21.504166666666666,35,24
2024-01-23,0075,30.7,51.3,24
2024-01-23,0076,18.095833333333335,27.2,24
2024-01-24,0004,25.325,32.6,24
2024-01-24,0048,19.666666666666668,31.2,48
2024-01-24,0055,18.729166666666668,25.1,24
2024-01-24,0057,21.979166666666668,31.2,24
2024-01-24,0075,27.820833333333333,39.5,24
2024-01-24,0076,20.5125,28.1,24
2024-01-25,0004,18.175,27.6,24
2024-01-25,0048,12.804255319148936,22.3,47
2024-01-25,0055,16.070833333333333,46.5,24
2024-01-25,0057,12.1875,16.7,24
2024-01-25,0075,22.195833333333333,39.2,24
2024-01-25,0076,14.858333333333333,22.4,24
2024-01-26,0004,9.583333333333334,20.6,24
2024-01-26,0048,6.304166666666667,13.6,48
2024-01-26,0055,10.416666666666668,20.7,24
2024-01-26,0057,9.439130434782609,19.8,23
2024-01-26,0075,9.924999999999999,18.3,24
2024-01-26,0076,8.970833333333333,18.9,24
2024-01-27,0004,7.625,11.8,24
2024-01-27,0048,5.1875,8.7,48
2024-01-27,0055,6.991666666666666,12.5,24
2024-01-27,0057,7.075,10.7,24
2024-01-27,0075,7.929166666666667,12.9,24
2024-01-27,0076,5.708333333333333,10.4,24
2024-01-28,0004,3.683333333333333,10.2,24
2024-01-28,0048,2.5408163265306123,6.9,49
2024-01-28,0055,3.0083333333333333,8.1,24
2024-01-28,0057,3.7333333333333334,8.7,24
2024-01-28,0075,4.333333333333333,10.5,24
2024-01-28,0076,3.4124999999999996,7.9,24
2024-01-29,0004,2.475,3.6,24
2024-01-29,0048,2.1666666666666665,3.3,48
2024-01-29,0055,1.9608695652173913,3.2,23
2024-01-29,0057,2.533333333333333,3.7,24
2024-01-29,0075,3.533333333333333,4.9,24
2024-01-29,0076,1.5875000000000001,2.7,24
2024-01-30,0004,4.929166666666666,7.7,24
2024-01-30,0048,3.36875,5,48
2024-01-30,0055,4.095833333333333,6.8,24
2024-01-30,0057,4.770833333333333,9,24
2024-01-30,0075,5.066666666666666,6.7,24
2024-01-30,0076,3.88695652173913,6.3,23
2024-01-31,0004,7.8374999999999995,14,24
2024-01-31,0048,5.348979591836734,10.5,49
2024-01-31,0055,6.825,11.8,24
2024-01-31,0057,7.345833333333333,12,24
2024-01-31,0075,8.25,18.4,24
2024-01-31,0076,5.475,8.5,24
2024-02-01,0004,21.9,29.4,24
2024-02-01,0048,13.985416666666666,25,48
2024-02-01,0055,15.045833333333334,23.1,24
2024-02-01,0057,16.991666666666667,27,24
2024-02-01,0075,20.166666666666668,32.2,24
2024-02-01,0076,13.557142857142857,19.6,21
2024-02-02,0004,20.307692307692307,27,13
2024-02-02,0048,10.029166666666667,31.9,48
2024-02-02,0055,9.370833333333334,20.2,24
2024-02-02,0057,11.291666666666666,21.6,24
2024-02-02,0075,13.554166666666667,30.7,24
2024-02-02,0076,8.862499999999999,19.7,24
2024-02-03,0004,NA,-Inf,0
2024-02-03,0048,3.846938775510204,7.5,49
2024-02-03,0055,4.091666666666667,6.3,24
2024-02-03,0057,4.941666666666666,8.6,24
2024-02-03,0075,5.929166666666666,9.9,24
2024-02-03,0076,3.875,7.5,24
2024-02-04,0004,NA,-Inf,0
2024-02-04,0048,5.741666666666666,11.8,48
2024-02-04,0055,6.129166666666666,9.7,24
2024-02-04,0057,6.854166666666667,10.2,24
2024-02-04,0075,9.629166666666666,18.8,24
2024-02-04,0076,5.279166666666667,7.1,24
2024-02-05,0004,6.39,10.2,10
2024-02-05,0048,5.527083333333334,9.3,48
2024-02-05,0055,5.683333333333334,8.1,24
2024-02-05,0057,6.966666666666667,10.9,24
2024-02-05,0075,8.925,12.7,24
2024-02-05,0076,5.6869565217391305,8.8,23
2024-02-06,0004,4.908333333333333,9.8,24
2024-02-06,0048,4.308163265306122,12.1,49
2024-02-06,0055,4.3625,10.4,24
2024-02-06,0057,5.195833333333333,11.3,24
2024-02-06,0075,6.65,16.6,24
2024-02-06,0076,4.2625,7.7,24
2024-02-07,0004,6.8625,15.5,24
2024-02-07,0048,6.01875,21.9,48
2024-02-07,0055,7.25,27.9,24
2024-02-07,0057,6.566666666666666,14,24
2024-02-07,0075,7.941666666666666,14.1,24
2024-02-07,0076,6.458333333333333,10.1,24
2024-02-08,0004,18.066666666666666,29.8,24
2024-02-08,0048,12.077083333333334,27.3,48
2024-02-08,0055,13.3,22.8,24
2024-02-08,0057,14.120833333333334,26,24
2024-02-08,0075,17.4,31.1,24
2024-02-08,0076,13.283333333333333,21.3,24
2024-02-09,0004,17.75,29.2,24
2024-02-09,0048,12.477551020408162,24.1,49
2024-02-09,0055,13.016666666666667,21.7,24
2024-02-09,0057,14.108333333333334,22,24
2024-02-09,0075,18.099999999999998,34.3,24
2024-02-09,0076,12.945833333333333,20.8,24
2024-02-10,0004,35.233333333333334,42.4,24
2024-02-10,0048,27.49375,35.1,48
2024-02-10,0055,26.21666666666667,33.6,24
2024-02-10,0057,25.879166666666666,30.1,24
2024-02-10,0075,34.6375,41.4,24
2024-02-10,0076,27.95,34,24
2024-02-11,0004,18.479166666666668,43.2,24
2024-02-11,0048,15.447916666666668,43.4,48
2024-02-11,0055,15.716666666666665,31,24
2024-02-11,0057,17.270833333333332,35.1,24
2024-02-11,0075,19.71666666666667,47.2,24
2024-02-11,0076,15.8875,35.3,24
2024-02-12,0004,13.108695652173912,18.2,23
2024-02-12,0048,9.587755102040816,15.7,49
2024-02-12,0055,12.095833333333333,17.7,24
2024-02-12,0057,12.283333333333333,17,24
2024-02-12,0075,12.758333333333333,16.9,24
2024-02-12,0076,12.354166666666666,16.5,24
2024-02-13,0004,8.25,13.6,14
2024-02-13,0048,6.09375,11.8,48
2024-02-13,0055,6.695652173913043,11.2,23
2024-02-13,0057,7.416666666666667,12.5,24
2024-02-13,0075,11.108333333333333,17.4,24
2024-02-13,0076,6.295833333333333,12.8,24
2024-02-14,0004,4.583333333333333,8.2,24
2024-02-14,0048,3.595833333333333,6.3,48
2024-02-14,0055,3.8833333333333333,7.4,24
2024-02-14,0057,4.15,7.3,24
2024-02-14,0075,5.325,10.1,24
2024-02-14,0076,3.15,5.8,24
2024-02-15,0004,8.866666666666667,11.9,24
2024-02-15,0048,6.261224489795918,8.7,49
2024-02-15,0055,7.058333333333333,9.2,24
2024-02-15,0057,7.574999999999999,11,24
2024-02-15,0075,9.833333333333334,13.1,24
2024-02-15,0076,6.495833333333334,8.9,24
2024-02-16,0004,5.145833333333333,11,24
2024-02-16,0048,4.09375,8.9,48
2024-02-16,0055,4.583333333333333,9.4,24
2024-02-16,0057,4.954166666666667,9.3,24
2024-02-16,0075,5.891666666666667,13,24
2024-02-16,0076,3.720833333333333,7.5,24
2024-02-17,0004,6.7625,11.7,24
2024-02-17,0048,4.91875,9,48
2024-02-17,0055,5.975,9.5,24
2024-02-17,0057,6.370833333333334,10.5,24
2024-02-17,0075,9.754166666666666,16.7,24
2024-02-17,0076,5.920833333333333,11.7,24
2024-02-18,0004,9.683333333333334,13.7,24
2024-02-18,0048,6.538775510204082,10.2,49
2024-02-18,0055,7.775,11.1,24
2024-02-18,0057,8.116666666666667,11.1,24
2024-02-18,0075,10.920833333333334,15.4,24
2024-02-18,0076,7.325,13.5,24
2024-02-19,0004,10.0875,17,24
2024-02-19,0048,7.716666666666667,14,48
2024-02-19,0055,9.191666666666666,16.3,24
2024-02-19,0057,9.35,16.8,24
2024-02-19,0075,13.2375,21.8,24
2024-02-19,0076,7.541666666666667,12,24
2024-02-20,0004,5.566666666666666,9.6,24
2024-02-20,0048,4.297916666666667,7.1,48
2024-02-20,0055,5.020833333333333,9.6,24
2024-02-20,0057,5.821739130434782,9.4,23
2024-02-20,0075,6.6375,14.1,24
2024-02-20,0076,5.033333333333333,9.7,24
2024-02-21,0004,6.579166666666667,9.5,24
2024-02-21,0048,5.587755102040816,18.3,49
2024-02-21,0055,5.420833333333333,7.6,24
2024-02-21,0057,6.208333333333333,9.6,24
2024-02-21,0075,8.454166666666666,12.9,24
2024-02-21,0076,5.095833333333333,7.3,24
2024-02-22,0004,11.104166666666666,16.2,24
2024-02-22,0048,6.782978723404256,11.7,47
2024-02-22,0055,7.966666666666667,9.8,24
2024-02-22,0057,9.733333333333333,14.7,24
2024-02-22,0075,10.854166666666666,18.4,24
2024-02-22,0076,9.116666666666667,18.3,24
2024-02-23,0004,16.466666666666665,21.2,24
2024-02-23,0048,12.914583333333333,18.1,48
2024-02-23,0055,14.795833333333334,17.8,24
2024-02-23,0057,15.754166666666666,19,24
2024-02-23,0075,18.870833333333334,23.5,24
2024-02-23,0076,13.839130434782609,17.7,23
2024-02-24,0004,9.929166666666667,20.7,24
2024-02-24,0048,7.904081632653061,18.6,49
2024-02-24,0055,7.670833333333334,16.3,24
2024-02-24,0057,9.291666666666666,19.6,24
2024-02-24,0075,11.329166666666667,22.7,24
2024-02-24,0076,8.041666666666666,19.2,24
2024-02-25,0004,5.745833333333334,10.4,24
2024-02-25,0048,4.116666666666667,7.1,48
2024-02-25,0055,4.870833333333334,14.4,24
2024-02-25,0057,4.925,8,24
2024-02-25,0075,6.666666666666667,11.6,24
2024-02-25,0076,4.8374999999999995,7.7,24
2024-02-26,0004,13.754166666666666,22.5,24
2024-02-26,0048,8.53125,22.6,48
2024-02-26,0055,8.366666666666667,13.2,24
2024-02-26,0057,9.1625,16,24
2024-02-26,0075,12.082608695652173,17.8,23
2024-02-26,0076,8.320833333333333,12.1,24
2024-02-27,0004,18.391666666666666,27.2,24
2024-02-27,0048,12.989583333333334,22.2,48
2024-02-27,0055,16.043478260869566,24.1,23
2024-02-27,0057,16.958333333333332,28.5,24
2024-02-27,0075,19.516666666666666,30.4,24
2024-02-27,0076,16.925,27.1,24
2024-02-28,0004,13.283333333333333,17.6,24
2024-02-28,0048,8.5125,12.7,48
2024-02-28,0055,9.795833333333333,12.9,24
2024-02-28,0057,10.329166666666667,13.9,24
2024-02-28,0075,13.637500000000001,19,24
2024-02-28,0076,11.395833333333334,15.5,24
2024-02-29,0004,4.945833333333333,7.9,24
2024-02-29,0048,3.6583333333333337,5.7,48
2024-02-29,0055,3.9916666666666667,5.9,24
2024-02-29,0057,4.4375,6.2,24
2024-02-29,0075,5.2625,8,24
2024-02-29,0076,4.095833333333334,6,24
2024-03-01,0004,8.058333333333334,11.5,24
2024-03-01,0048,5.785714285714286,12.7,49
2024-03-01,0055,7.695833333333333,12.9,24
2024-03-01,0057,7.566666666666666,13.8,24
2024-03-01,0075,7.683333333333334,14.3,24
2024-03-01,0076,7.870833333333334,14.5,24
2024-03-02,0004,7.054166666666667,14.1,24
2024-03-02,0048,4.391666666666667,11.8,48
2024-03-02,0055,6.058333333333334,11.1,24
2024-03-02,0057,4.6722222222222225,7.7,18
2024-03-02,0075,7.7125,21.1,24
2024-03-02,0076,10.2875,59.6,24
2024-03-03,0004,8.308333333333334,22.5,24
2024-03-03,0048,5.552083333333333,14.9,48
2024-03-03,0055,5.979166666666666,9.6,24
2024-03-03,0057,NA,-Inf,0
2024-03-03,0075,6.6875,17.7,24
2024-03-03,0076,6.120833333333334,12.9,24
2024-03-04,0004,9.630434782608695,21.6,23
2024-03-04,0048,5.873469387755102,13,49
2024-03-04,0055,6.825,13.2,24
2024-03-04,0057,NA,-Inf,0
2024-03-04,0075,9.341666666666667,21.8,24
2024-03-04,0076,9.283333333333333,18.7,24
2024-03-05,0004,5.65,17.4,24
2024-03-05,0048,3.083333333333333,10.6,48
2024-03-05,0055,3.525,10.7,24
2024-03-05,0057,NA,-Inf,0
2024-03-05,0075,5.0625,15.7,24
2024-03-05,0076,4.625,13.2,24
2024-03-06,0004,13.4,31.3,24
2024-03-06,0048,7.641666666666667,19,48
2024-03-06,0055,8.808333333333334,21,24
2024-03-06,0057,NA,-Inf,0
2024-03-06,0075,11.775,24.7,24
2024-03-06,0076,11.416666666666666,29.7,24
2024-03-07,0004,4.279166666666667,8.8,24
2024-03-07,0048,2.7775510204081635,6.2,49
2024-03-07,0055,2.8958333333333335,5.6,24
2024-03-07,0057,NA,-Inf,0
2024-03-07,0075,4.1,9.5,24
2024-03-07,0076,3.0458333333333334,5.9,24
2024-03-08,0004,4.833333333333333,8.5,24
2024-03-08,0048,3.126086956521739,8.4,46
2024-03-08,0055,3.3875,5.2,24
2024-03-08,0057,NA,-Inf,0
2024-03-08,0075,4.4,5.9,24
2024-03-08,0076,3.5208333333333335,4.9,24
2024-03-09,0004,9.179166666666667,16.3,24
2024-03-09,0048,4.979166666666667,9.2,48
2024-03-09,0055,6.808333333333334,12.6,24
2024-03-09,0057,NA,-Inf,0
2024-03-09,0075,7.270833333333333,11.9,24
2024-03-09,0076,5.929166666666666,10.5,24
2024-03-10,0004,5.004166666666666,10.6,24
2024-03-10,0048,2.9489795918367347,6.5,49
2024-03-10,0055,3.1125000000000003,6.5,24
2024-03-10,0057,NA,-Inf,0
2024-03-10,0075,4.029166666666667,8.3,24
2024-03-10,0076,3.143478260869565,6.1,23
2024-03-11,0004,3.1,3.9,24
2024-03-11,0048,2.202127659574468,3.5,47
2024-03-11,0055,1.9833333333333334,3.5,24
2024-03-11,0057,NA,-Inf,0
2024-03-11,0075,2.9916666666666667,7.2,24
2024-03-11,0076,2.026086956521739,2.7,23
2024-03-12,0004,11.016666666666666,21.3,24
2024-03-12,0048,6.83125,15,48
2024-03-12,0055,7.791304347826086,14.7,23
2024-03-12,0057,NA,-Inf,0
2024-03-12,0075,10.5625,22.6,24
2024-03-12,0076,6.545833333333333,9.3,24
2024-03-13,0004,27.0625,60.6,24
2024-03-13,0048,18.49795918367347,44.1,49
2024-03-13,0055,16.454166666666666,26.1,24
2024-03-13,0057,14.885714285714286,33.7,14
2024-03-13,0075,22.241666666666667,31.5,24
2024-03-13,0076,13.1125,21.7,24
2024-03-14,0004,22.84583333333333,34.2,24
2024-03-14,0048,15.110416666666667,29.1,48
2024-03-14,0055,15.225,29.1,24
2024-03-14,0057,15.645833333333334,31,24
2024-03-14,0075,23.225,41.7,24
2024-03-14,0076,13.945833333333335,22.1,24
2024-03-15,0004,13.4,26.6,24
2024-03-15,0048,8.5375,18.2,48
2024-03-15,0055,9.2875,20.5,24
2024-03-15,0057,9.570833333333335,18.4,24
2024-03-15,0075,12.745833333333334,27.9,24
2024-03-15,0076,7.720833333333333,19,24
2024-03-16,0004,8.758333333333333,14.3,24
2024-03-16,0048,4.961224489795918,7.5,49
2024-03-16,0055,5.6375,8,24
2024-03-16,0057,6.304166666666667,9.9,24
2024-03-16,0075,10.941666666666666,59.7,24
2024-03-16,0076,5.520833333333333,8.3,24
2024-03-17,0004,7.591666666666667,13.6,24
2024-03-17,0048,4.475,7.7,48
2024-03-17,0055,4.891304347826087,8,23
2024-03-17,0057,5.604166666666667,8.7,24
2024-03-17,0075,6.766666666666667,12.5,24
2024-03-17,0076,4.520833333333333,7.9,24
2024-03-18,0004,5.1695652173913045,7.1,23
2024-03-18,0048,3.7666666666666666,6.5,48
2024-03-18,0055,3.7583333333333333,5.1,24
2024-03-18,0057,4.373913043478261,7.1,23
2024-03-18,0075,4.834782608695652,6.5,23
2024-03-18,0076,3.183333333333333,4.3,24
2024-03-19,0004,7.570833333333333,14,24
2024-03-19,0048,4.412244897959184,7.1,49
2024-03-19,0055,5.004166666666666,7.5,24
2024-03-19,0057,5.454166666666667,7.9,24
2024-03-19,0075,6.425,11.1,24
2024-03-19,0076,4.275,6.5,24
2024-03-20,0004,9.579166666666666,14.6,24
2024-03-20,0048,6.410416666666666,13.9,48
2024-03-20,0055,7.354166666666667,22.7,24
2024-03-20,0057,7,11,24
2024-03-20,0075,8.6375,14.1,24
2024-03-20,0076,5.5625,9.1,24
2024-03-21,0004,3.9916666666666667,5.7,24
2024-03-21,0048,2.927659574468085,5.2,47
2024-03-21,0055,3.0416666666666665,4.6,24
2024-03-21,0057,3.3874999999999997,5.5,24
2024-03-21,0075,3.8666666666666667,6.4,24
2024-03-21,0076,3.125,14.5,24
2024-03-22,0004,10.237499999999999,36.5,24
2024-03-22,0048,5.957142857142857,25.4,49
2024-03-22,0055,6.270833333333333,17.8,24
2024-03-22,0057,7.679166666666666,26.4,24
2024-03-22,0075,9.091666666666667,21.1,24
2024-03-22,0076,8.129166666666666,25.6,24
2024-03-23,0004,7.7875,14.4,24
2024-03-23,0048,4.48125,8.3,48
2024-03-23,0055,5.2375,8.5,24
2024-03-23,0057,6.183333333333334,9.5,24
2024-03-23,0075,6.825,12.5,24
2024-03-23,0076,5.254166666666666,9.6,24
2024-03-24,0004,6.075,9,24
2024-03-24,0048,3.689583333333333,5.3,48
2024-03-24,0055,4.4125,6.7,24
2024-03-24,0057,4.929166666666666,7.5,24
2024-03-24,0075,5.579166666666667,8.2,24
2024-03-24,0076,4.708695652173913,7.1,23
2024-03-25,0004,7.520833333333333,10.4,24
2024-03-25,0048,4.575510204081633,6.2,49
2024-03-25,0055,5.520833333333333,9.7,24
2024-03-25,0057,6.121739130434783,8.5,23
2024-03-25,0075,7.456521739130435,12.4,23
2024-03-25,0076,6.3625,8.5,24
2024-03-26,0004,10.425,32.5,24
2024-03-26,0048,6.679166666666666,30.1,48
2024-03-26,0055,8.520833333333334,47.8,24
2024-03-26,0057,10.291666666666666,41.3,24
2024-03-26,0075,8.9875,15.8,24
2024-03-26,0076,11.083333333333334,48.6,24
2024-03-27,0004,13.616666666666667,20.3,24
2024-03-27,0048,6.975,12.4,48
2024-03-27,0055,8.658333333333333,12.4,24
2024-03-27,0057,10.475,14.1,24
2024-03-27,0075,11.495833333333334,19.6,24
2024-03-27,0076,12.395833333333334,18.7,24
2024-03-28,0004,13.341666666666667,21.2,24
2024-03-28,0048,8.353061224489796,15,49
2024-03-28,0055,8.195833333333333,12.6,24
2024-03-28,0057,10.083333333333334,15.6,24
2024-03-28,0075,12.941666666666666,18.2,24
2024-03-28,0076,9.083333333333334,13.9,24
2024-03-29,0004,9.4875,13.6,24
2024-03-29,0048,5.94375,9.2,48
2024-03-29,0055,6.45,9.2,24
2024-03-29,0057,7.445833333333333,10.8,24
2024-03-29,0075,8.654166666666667,12.5,24
2024-03-29,0076,7.445833333333334,11.1,24
2024-03-30,0004,12.1125,25.9,24
2024-03-30,0048,7.187500000000001,17,48
2024-03-30,0055,7.754166666666666,16,24
2024-03-30,0057,8.625,16.9,24
2024-03-30,0075,11.175,26.5,24
2024-03-30,0076,10,23,24
2024-03-31,0004,14.595833333333333,29.1,24
2024-03-31,0048,8.310204081632653,19.1,49
2024-03-31,0055,9.233333333333333,17,24
2024-03-31,0057,10.3125,19.9,24
2024-03-31,0075,12.108333333333334,25.9,24
2024-03-31,0076,11.629166666666666,27.5,24
2024-04-01,0004,20.40833333333333,35.4,24
2024-04-01,0048,11.275,19.6,48
2024-04-01,0055,13.345833333333333,25.8,24
2024-04-01,0057,16,24.7,24
2024-04-01,0075,18.704166666666666,27.6,24
2024-04-01,0076,17.2375,29.3,24
2024-04-02,0004,17.291666666666668,44.5,24
2024-04-02,0048,9.75625,26.3,48
2024-04-02,0055,10.566666666666666,26.8,24
2024-04-02,0057,12.375,32.2,24
2024-04-02,0075,14.616666666666669,36.2,24
2024-04-02,0076,17.02608695652174,48.9,23
2024-04-03,0004,3.7916666666666665,5.7,24
2024-04-03,0048,2.085714285714286,3.4,49
2024-04-03,0055,2.629166666666667,4.1,24
2024-04-03,0057,3.35,7,24
2024-04-03,0075,3.316666666666667,5.1,24
2024-04-03,0076,3.279166666666667,4.4,24
2024-04-04,0004,5.533333333333333,10.1,24
2024-04-04,0048,3.0638297872340425,5.4,47
2024-04-04,0055,3.1526315789473687,5.9,19
2024-04-04,0057,3.825,6.7,24
2024-04-04,0075,4.495833333333334,8.5,24
2024-04-04,0076,3.5166666666666666,6,24
2024-04-05,0004,3.4375,4.6,24
2024-04-05,0048,2.2125,3.1,48
2024-04-05,0055,2.4625,4.6,24
2024-04-05,0057,2.658333333333333,3.5,24
2024-04-05,0075,3.3521739130434782,5.4,23
2024-04-05,0076,2.129166666666667,3.1,24
2024-04-06,0004,3.5541666666666667,4.4,24
2024-04-06,0048,2.3489795918367347,2.9,49
2024-04-06,0055,2.4916666666666667,3.3,24
2024-04-06,0057,3.095833333333333,3.5,24
2024-04-06,0075,3.220833333333333,3.8,24
2024-04-06,0076,2.5875,3.2,24
2024-04-07,0004,4.583333333333333,9.5,24
2024-04-07,0048,2.591666666666667,5.3,48
2024-04-07,0055,2.904166666666667,5.2,24
2024-04-07,0057,3.6083333333333334,6.3,24
2024-04-07,0075,4.4125,15.8,24
2024-04-07,0076,3.3125,6.3,24
2024-04-08,0004,10.527272727272727,17.2,22
2024-04-08,0048,7.058333333333334,16,48
2024-04-08,0055,7.275,14.2,24
2024-04-08,0057,8.254166666666666,15.4,24
2024-04-08,0075,9.429166666666667,17.1,24
2024-04-08,0076,6.65,12.2,24
2024-04-09,0004,13.216666666666667,24.7,24
2024-04-09,0048,8.640816326530611,15.7,49
2024-04-09,0055,9.345833333333333,14.4,24
2024-04-09,0057,11.4875,25.6,24
2024-04-09,0075,10.975,15.4,24
2024-04-09,0076,9.191666666666666,12.4,24
2024-04-10,0004,27.354166666666668,38.2,24
2024-04-10,0048,15.372916666666667,22.2,48
2024-04-10,0055,17.483333333333334,22.4,24
2024-04-10,0057,19.583333333333332,28.1,24
2024-04-10,0075,22.616666666666667,28.3,24
2024-04-10,0076,27.095833333333335,40.5,24
2024-04-11,0004,15.829166666666666,28.6,24
2024-04-11,0048,9.23695652173913,16.6,46
2024-04-11,0055,10.927272727272728,20.1,22
2024-04-11,0057,12.65,19.4,24
2024-04-11,0075,13.929166666666667,26.7,24
2024-04-11,0076,16.004166666666666,28.3,24
2024-04-12,0004,7.012499999999999,16.5,24
2024-04-12,0048,4.363265306122449,11.6,49
2024-04-12,0055,4.766666666666667,12,24
2024-04-12,0057,5.904166666666667,14.6,24
2024-04-12,0075,6.708333333333333,15.2,24
2024-04-12,0076,5.933333333333334,15.5,24
2024-04-13,0004,3.6625,6.1,24
2024-04-13,0048,2.154166666666667,3.6,48
2024-04-13,0055,2.525,4.1,24
2024-04-13,0057,2.8791666666666664,4.9,24
2024-04-13,0075,3.575,5.3,24
2024-04-13,0076,2.6166666666666667,4.1,24
2024-04-14,0004,6.908333333333333,10.9,24
2024-04-14,0048,3.9229166666666666,5.4,48
2024-04-14,0055,4.6375,5.8,24
2024-04-14,0057,4.933333333333334,6.7,24
2024-04-14,0075,6.170833333333333,8.3,24
2024-04-14,0076,5.379166666666666,8.1,24
2024-04-15,0004,11.7875,21.1,24
2024-04-15,0048,7.293877551020408,13.6,49
2024-04-15,0055,7.758333333333334,11.6,24
2024-04-15,0057,8.391666666666667,12.3,24
2024-04-15,0075,11.166666666666666,18.3,24
2024-04-15,0076,9.108333333333334,13.5,24
2024-04-16,0004,7.9125000000000005,11.8,24
2024-04-16,0048,4.99375,7.8,48
2024-04-16,0055,5.283333333333333,6.8,24
2024-04-16,0057,6.316666666666666,7.9,24
2024-04-16,0075,7.429166666666666,9.9,24
2024-04-16,0076,6.395833333333333,9.8,24
2024-04-17,0004,12.291666666666666,16.4,24
2024-04-17,0048,6.6375,9.7,48
2024-04-17,0055,7.6375,9.6,24
2024-04-17,0057,15.5125,139.3,24
2024-04-17,0075,9.9875,14.1,24
2024-04-17,0076,11.858333333333334,20.5,24
2024-04-18,0004,10.2625,17.2,24
2024-04-18,0048,5.906122448979592,11.1,49
2024-04-18,0055,7.595833333333333,12.9,24
2024-04-18,0057,8.6,13.2,24
2024-04-18,0075,8.95,17.1,24
2024-04-18,0076,9.495833333333334,18.4,24
2024-04-19,0004,8.0125,12.2,24
2024-04-19,0048,4.727083333333334,7.6,48
2024-04-19,0055,5.545833333333333,7.1,24
2024-04-19,0057,6.508333333333333,8.4,24
2024-04-19,0075,6.6000000000000005,9.6,24
2024-04-19,0076,6.904166666666667,9.1,24
2024-04-20,0004,9.666666666666666,18.9,24
2024-04-20,0048,5.93125,11.2,48
2024-04-20,0055,6.345833333333333,12.3,24
2024-04-20,0057,7.216666666666667,13.2,24
2024-04-20,0075,9.929166666666667,17.2,24
2024-04-20,0076,7.629166666666666,16,24
2024-04-21,0004,6.2124999999999995,10.5,24
2024-04-21,0048,3.685714285714286,6.7,49
2024-04-21,0055,4.233333333333333,7.7,24
2024-04-21,0057,4.866666666666666,7.9,24
2024-04-21,0075,5.8500000000000005,8.5,24
2024-04-21,0076,4.558333333333334,7.3,24
2024-04-22,0004,7.9,9.6,24
2024-04-22,0048,5.00625,7.6,48
2024-04-22,0055,5.358333333333333,6.1,24
2024-04-22,0057,6.954166666666667,9.9,24
2024-04-22,0075,7.425,8.7,24
2024-04-22,0076,6.170833333333333,7.5,24
2024-04-23,0004,9.820833333333333,13.5,24
2024-04-23,0048,5.277083333333334,9.2,48
2024-04-23,0055,6.120833333333334,7.5,24
2024-04-23,0057,8.225,17.5,24
2024-04-23,0075,8.270833333333334,14.3,24
2024-04-23,0076,11.708333333333334,28.3,24
2024-04-24,0004,7.8,14.5,24
2024-04-24,0048,5.946938775510204,14.4,49
2024-04-24,0055,5.929166666666667,11.8,24
2024-04-24,0057,7.941666666666666,15,24
2024-04-24,0075,7.329166666666667,16.3,24
2024-04-24,0076,10.075,54.4,24
2024-04-25,0004,6.725,10.3,24
2024-04-25,0048,4.158333333333333,5.9,48
2024-04-25,0055,4.804166666666666,6.8,24
2024-04-25,0057,5.6375,7.6,24
2024-04-25,0075,6.229166666666667,8.6,24
2024-04-25,0076,15.370833333333334,53.2,24
2024-04-26,0004,9.078947368421053,15,19
2024-04-26,0048,5.377083333333333,10.9,48
2024-04-26,0055,5.866666666666667,10,24
2024-04-26,0057,7.029166666666667,14,24
2024-04-26,0075,7.966666666666667,14.4,24
2024-04-26,0076,8.533333333333333,17,24
2024-04-27,0004,NA,-Inf,0
2024-04-27,0048,4.355102040816327,6.1,49
2024-04-27,0055,5.5375,8.9,24
2024-04-27,0057,6.291666666666667,9.5,24
2024-04-27,0075,6.270833333333333,8.3,24
2024-04-27,0076,6.729166666666667,10.7,24
2024-04-28,0004,NA,-Inf,0
2024-04-28,0048,9.627083333333333,15,48
2024-04-28,0055,10.670833333333334,13.4,24
2024-04-28,0057,11.708333333333334,15.5,24
2024-04-28,0075,15.108333333333333,21.4,24
2024-04-28,0076,15.220833333333333,21.7,24
2024-04-29,0004,26.36875,37.1,16
2024-04-29,0048,16.408333333333335,36.5,48
2024-04-29,0055,15.6875,19.5,24
2024-04-29,0057,18.412499999999998,25.6,24
2024-04-29,0075,23.383333333333333,28.2,24
2024-04-29,0076,21.65,31.1,24
2024-04-30,0004,28.3125,37.1,24
2024-04-30,0048,16.89795918367347,23.9,49
2024-04-30,0055,15.341666666666667,20.1,24
2024-04-30,0057,20.120833333333334,25.9,24
2024-04-30,0075,25.683333333333334,33.5,24
2024-04-30,0076,25,33.1,24
2024-05-01,0004,14.125,29.4,24
2024-05-01,0048,8.297916666666666,16.6,48
2024-05-01,0055,9.9875,19.4,24
2024-05-01,0057,10.895833333333334,21.7,24
2024-05-01,0075,13.854166666666666,25.8,24
2024-05-01,0076,11.645833333333334,22.7,24
2024-05-02,0004,18.545833333333334,38.3,24
2024-05-02,0048,10.30625,22.5,48
2024-05-02,0055,11.295833333333334,23.1,24
2024-05-02,0057,13.425,25.5,24
2024-05-02,0075,15.8625,30.8,24
2024-05-02,0076,15.720833333333335,29.6,24
2024-05-03,0004,7.520833333333333,10.1,24
2024-05-03,0048,5.312244897959184,34.4,49
2024-05-03,0055,5.179166666666666,6.8,24
2024-05-03,0057,6.345833333333333,8.9,24
2024-05-03,0075,7.054166666666666,9.4,24
2024-05-03,0076,6.858333333333333,9.5,24
2024-05-04,0004,6.408333333333333,9.4,24
2024-05-04,0048,3.7291666666666665,5.2,48
2024-05-04,0055,4.954166666666667,6.6,24
2024-05-04,0057,4.983333333333333,6.6,24
2024-05-04,0075,6.195833333333333,12.2,24
2024-05-04,0076,6.479166666666667,8.3,24
2024-05-05,0004,9.304166666666667,15.4,24
2024-05-05,0048,5.079166666666667,7.7,48
2024-05-05,0055,7.133333333333334,10.2,24
2024-05-05,0057,7.2625,11,24
2024-05-05,0075,8.78695652173913,16.6,23
2024-05-05,0076,9.45,16.2,24
2024-05-06,0004,17.4,27.1,16
2024-05-06,0048,10.508163265306122,21,49
2024-05-06,0055,13.483333333333334,24.8,24
2024-05-06,0057,14.620833333333334,28,24
2024-05-06,0075,15.054166666666667,25.7,24
2024-05-06,0076,19.41,30.9,10
2024-05-07,0004,15.827272727272728,19.2,11
2024-05-07,0048,8.616666666666667,13.3,48
2024-05-07,0055,10.1875,14.5,24
2024-05-07,0057,11.325,15.5,24
2024-05-07,0075,13.45,18.9,24
2024-05-07,0076,NA,-Inf,0
2024-05-08,0004,15.35,26.7,24
2024-05-08,0048,8.879166666666666,15.4,48
2024-05-08,0055,10.025,13.6,24
2024-05-08,0057,11.15,18,24
2024-05-08,0075,13.7125,22,24
2024-05-08,0076,NA,-Inf,0
2024-05-09,0004,6.716666666666667,9.7,24
2024-05-09,0048,4.4,9.6,49
2024-05-09,0055,5.3826086956521735,7.6,23
2024-05-09,0057,5.375,7.1,24
2024-05-09,0075,6.625,9.8,24
2024-05-09,0076,NA,-Inf,0
2024-05-10,0004,5.4375,10.2,24
2024-05-10,0048,3.15,4.5,48
2024-05-10,0055,4.108333333333333,5.7,24
2024-05-10,0057,4.4125,6.4,24
2024-05-10,0075,4.8375,6.9,24
2024-05-10,0076,NA,-Inf,0
2024-05-11,0004,6.554166666666667,11.9,24
2024-05-11,0048,3.58125,6.3,48
2024-05-11,0055,4.579166666666667,7.5,24
2024-05-11,0057,4.879166666666666,8.1,24
2024-05-11,0075,5.7,10.3,24
2024-05-11,0076,NA,-Inf,0
2024-05-12,0004,5.991666666666667,7.5,24
2024-05-12,0048,3.342857142857143,4.1,49
2024-05-12,0055,4.729166666666667,6.9,24
2024-05-12,0057,4.608333333333333,5.6,24
2024-05-12,0075,5.554166666666666,6.8,24
2024-05-12,0076,NA,-Inf,0
2024-05-13,0004,12.227272727272727,26.1,22
2024-05-13,0048,6.375,11.4,48
2024-05-13,0055,7.0125,9.8,24
2024-05-13,0057,7.783333333333333,11.7,24
2024-05-13,0075,10.533333333333333,16.8,24
2024-05-13,0076,NA,-Inf,0
2024-05-14,0004,11.829166666666667,17.3,24
2024-05-14,0048,5.789583333333333,9,48
2024-05-14,0055,6.575,8.7,24
2024-05-14,0057,7.85,11.1,24
2024-05-14,0075,9.375,14.7,24
2024-05-14,0076,NA,-Inf,0
2024-05-15,0004,6.579166666666667,11.3,24
2024-05-15,0048,3.8224489795918366,6.4,49
2024-05-15,0055,4.479166666666667,7.2,24
2024-05-15,0057,5.533333333333333,9.4,24
2024-05-15,0075,7.058333333333334,13.8,24
2024-05-15,0076,NA,-Inf,0
2024-05-16,0004,4.329166666666667,6.3,24
2024-05-16,0048,2.6145833333333335,3.8,48
2024-05-16,0055,3.5458333333333334,7.4,24
2024-05-16,0057,3.7695652173913046,4.9,23
2024-05-16,0075,4.3478260869565215,5.9,23
2024-05-16,0076,NA,-Inf,0
2024-05-17,0004,10.358333333333333,23.7,24
2024-05-17,0048,5.504166666666666,11,48
2024-05-17,0055,7.104166666666667,13.9,24
2024-05-17,0057,7.583333333333333,12.1,24
2024-05-17,0075,9.395833333333334,20.9,24
2024-05-17,0076,NA,-Inf,0
2024-05-18,0004,23.1125,29.1,24
2024-05-18,0048,11.704081632653061,17.9,49
2024-05-18,0055,15.5875,18.8,24
2024-05-18,0057,19.45,66.3,24
2024-05-18,0075,18.4375,22.7,24
2024-05-18,0076,NA,-Inf,0
2024-05-19,0004,8.941666666666666,20.4,24
2024-05-19,0048,4.43125,10.6,48
2024-05-19,0055,5.8625,14.6,24
2024-05-19,0057,6.5625,15.8,24
2024-05-19,0075,8.741666666666667,20.3,24
2024-05-19,0076,NA,-Inf,0
2024-05-20,0004,13.279166666666667,20.2,24
2024-05-20,0048,6.143478260869565,10,46
2024-05-20,0055,8.175,12,24
2024-05-20,0057,9.895833333333334,25.7,24
2024-05-20,0075,7.716666666666667,11.9,24
2024-05-20,0076,NA,-Inf,0
2024-05-21,0004,16.295652173913044,28.8,23
2024-05-21,0048,9.529166666666667,19.3,48
2024-05-21,0055,9.833333333333334,17.3,24
2024-05-21,0057,11.541666666666666,23.9,24
2024-05-21,0075,14.133333333333333,25.9,24
2024-05-21,0076,NA,-Inf,0
2024-05-22,0004,13.304347826086957,16.6,23
2024-05-22,0048,7.076595744680851,8.8,47
2024-05-22,0055,7.804166666666666,9,24
2024-05-22,0057,8.995833333333334,11.6,24
2024-05-22,0075,11.3125,13.1,24
2024-05-22,0076,NA,-Inf,0
2024-05-23,0004,12.2125,16.7,24
2024-05-23,0048,6.823404255319149,10,47
2024-05-23,0055,7.4875,10.1,24
2024-05-23,0057,8.291304347826086,12.2,23
2024-05-23,0075,11.195833333333333,16.7,24
2024-05-23,0076,NA,-Inf,0
2024-05-24,0004,13.65,19.2,24
2024-05-24,0048,9.322448979591837,16.3,49
2024-05-24,0055,8.908333333333333,12.6,24
2024-05-24,0057,10.429166666666667,15.5,24
2024-05-24,0075,13.775,19.7,24
2024-05-24,0076,NA,-Inf,0
2024-05-25,0004,19.791666666666668,22.9,24
2024-05-25,0048,11.672916666666666,17.1,48
2024-05-25,0055,12.466666666666667,16.6,24
2024-05-25,0057,13.625,19.4,24
2024-05-25,0075,17.491666666666667,23.1,24
2024-05-25,0076,NA,-Inf,0
2024-05-26,0004,19.404166666666665,27.3,24
2024-05-26,0048,10.229166666666666,14.6,48
2024-05-26,0055,10.429166666666667,13,24
2024-05-26,0057,12.104166666666666,18.1,24
2024-05-26,0075,15.254166666666666,20.8,24
2024-05-26,0076,NA,-Inf,0
2024-05-27,0004,12.291666666666666,18.1,24
2024-05-27,0048,6.981632653061225,12.9,49
2024-05-27,0055,7.4125,10.2,24
2024-05-27,0057,8.504166666666666,12.7,24
2024-05-27,0075,10.020833333333334,14.2,24
2024-05-27,0076,NA,-Inf,0
2024-05-28,0004,7.170833333333333,9.5,24
2024-05-28,0048,4.166666666666667,6.3,48
2024-05-28,0055,4.95,6.9,24
2024-05-28,0057,6.529166666666667,13.7,24
2024-05-28,0075,7.004166666666666,9.8,24
2024-05-28,0076,NA,-Inf,0
2024-05-29,0004,6.591666666666667,8.3,24
2024-05-29,0048,4.114583333333333,6.9,48
2024-05-29,0055,4.383333333333333,6.7,24
2024-05-29,0057,5.6375,9,24
2024-05-29,0075,6.820833333333334,10.8,24
2024-05-29,0076,NA,-Inf,0
2024-05-30,0004,7.433333333333334,12.6,24
2024-05-30,0048,4.9714285714285715,8,49
2024-05-30,0055,5.2125,7,24
2024-05-30,0057,6.7375,11.9,24
2024-05-30,0075,7.466666666666667,10.4,24
2024-05-30,0076,NA,-Inf,0
2024-05-31,0004,7.570833333333334,11.1,24
2024-05-31,0048,4.972916666666666,7.1,48
2024-05-31,0055,5.4125,8.4,24
2024-05-31,0057,6.004166666666666,7.7,24
2024-05-31,0075,7.8826086956521735,11.9,23
2024-05-31,0076,NA,-Inf,0
2024-06-01,0004,9.65,12.9,24
2024-06-01,0048,7.25,30.6,48
2024-06-01,0055,6.508333333333334,8.4,24
2024-06-01,0057,7.079166666666667,8.4,24
2024-06-01,0075,9.566666666666666,12.9,24
2024-06-01,0076,NA,-Inf,0
2024-06-02,0004,15.854166666666666,21.1,24
2024-06-02,0048,9.518367346938776,15.1,49
2024-06-02,0055,9.5,11.6,24
2024-06-02,0057,10.6625,13.3,24
2024-06-02,0075,15.045833333333334,19.9,24
2024-06-02,0076,NA,-Inf,0
2024-06-03,0004,18.458333333333332,23.9,24
2024-06-03,0048,10.45625,13.7,48
2024-06-03,0055,10.4875,11.8,24
2024-06-03,0057,12.320833333333333,19.1,24
2024-06-03,0075,16.8625,20.9,24
2024-06-03,0076,NA,-Inf,0
2024-06-04,0004,22.691666666666666,41,24
2024-06-04,0048,13.383333333333333,27.4,48
2024-06-04,0055,12.9,19.6,24
2024-06-04,0057,23.3375,92.5,24
2024-06-04,0075,21.875,42.7,24
2024-06-04,0076,NA,-Inf,0
2024-06-05,0004,18.220833333333335,27.6,24
2024-06-05,0048,9.991666666666667,14.3,48
2024-06-05,0055,10.275,13,24
2024-06-05,0057,12.925,18.5,24
2024-06-05,0075,15.329166666666667,22.7,24
2024-06-05,0076,NA,-Inf,0
2024-06-06,0004,16.3125,18.6,24
2024-06-06,0048,9.4125,12.6,48
2024-06-06,0055,9.108333333333333,10.3,24
2024-06-06,0057,10.333333333333334,12.1,24
2024-06-06,0075,13.475,16.3,24
2024-06-06,0076,NA,-Inf,0
2024-06-07,0004,8.2125,11.6,24
2024-06-07,0048,5.104347826086957,7.6,46
2024-06-07,0055,5.752173913043478,8.5,23
2024-06-07,0057,6.341666666666667,8.9,24
2024-06-07,0075,8.275,11.8,24
2024-06-07,0076,NA,-Inf,0
2024-06-08,0004,7.137499999999999,19.9,24
2024-06-08,0048,4.177551020408163,15.4,49
2024-06-08,0055,4.904166666666667,9.1,24
2024-06-08,0057,5.266666666666667,11.1,24
2024-06-08,0075,6.4375,13.6,24
2024-06-08,0076,NA,-Inf,0
2024-06-09,0004,8.483333333333334,21.5,24
2024-06-09,0048,5.016666666666667,14.7,48
2024-06-09,0055,5.054166666666667,8.7,24
2024-06-09,0057,6.618181818181818,14.2,22
2024-06-09,0075,8.004166666666666,16.4,24
2024-06-09,0076,NA,-Inf,0
2024-06-10,0004,6.086956521739131,7.6,23
2024-06-10,0048,3.7979166666666666,4.8,48
2024-06-10,0055,4.295833333333333,5.2,24
2024-06-10,0057,6.2,10.6,24
2024-06-10,0075,6.375,8.2,24
2024-06-10,0076,4.181818181818182,10.3,11
2024-06-11,0004,8.620833333333334,12.9,24
2024-06-11,0048,4.973469387755102,7.7,49
2024-06-11,0055,5.733333333333333,9,24
2024-06-11,0057,6.77391304347826,9.6,23
2024-06-11,0075,8.479166666666666,10.6,24
2024-06-11,0076,4.991304347826087,6.8,23
2024-06-12,0004,11.5125,14.5,24
2024-06-12,0048,7.325,8.9,48
2024-06-12,0055,8.1125,12.8,24
2024-06-12,0057,9.325,10.9,24
2024-06-12,0075,11.5875,14.8,24
2024-06-12,0076,6.729166666666667,8.7,24
2024-06-13,0004,18.545833333333334,24.5,24
2024-06-13,0048,10.204166666666667,12.8,48
2024-06-13,0055,13.904545454545454,18.4,22
2024-06-13,0057,15.781818181818181,58.1,22
2024-06-13,0075,14.395,19.8,20
2024-06-13,0076,10.2875,11.9,24
2024-06-14,0004,13.965,22.5,20
2024-06-14,0048,10.722448979591837,19.1,49
2024-06-14,0055,13.779166666666667,22.6,24
2024-06-14,0057,13.345833333333333,23.5,24
2024-06-14,0075,10.523809523809524,15.3,21
2024-06-14,0076,9.856521739130434,16,23
2024-06-15,0004,7.433333333333334,10,24
2024-06-15,0048,6.058333333333334,8.8,48
2024-06-15,0055,6.820833333333334,8.4,24
2024-06-15,0057,7.783333333333333,9.8,24
2024-06-15,0075,6.566666666666666,9.4,24
2024-06-15,0076,5.625,7.1,24
2024-06-16,0004,8.7375,10.8,24
2024-06-16,0048,7.158333333333333,9.1,48
2024-06-16,0055,8.070833333333333,10.2,24
2024-06-16,0057,8.720833333333333,10.8,24
2024-06-16,0075,7.3125,8.5,24
2024-06-16,0076,7.320833333333334,9.1,24
2024-06-17,0004,10.3,13.6,23
2024-06-17,0048,8.397916666666667,12.3,48
2024-06-17,0055,9.045833333333334,11.7,24
2024-06-17,0057,11.1875,36.1,24
2024-06-17,0075,7.9375,9.3,24
2024-06-17,0076,8.108333333333333,9.7,24
2024-06-18,0004,10.366666666666667,16.9,24
2024-06-18,0048,8.608333333333334,15.9,48
2024-06-18,0055,10.6875,21.8,24
2024-06-18,0057,9.6125,15.3,24
2024-06-18,0075,7.5875,10.8,24
2024-06-18,0076,7.925,12.8,24
2024-06-19,0004,7.675,12.4,24
2024-06-19,0048,6.170833333333333,10.5,48
2024-06-19,0055,7.658333333333333,11.4,24
2024-06-19,0057,8.1625,21.1,24
2024-06-19,0075,6.045833333333333,9,24
2024-06-19,0076,5.8625,9.3,24
2024-06-20,0004,9.033333333333333,11.8,24
2024-06-20,0048,7.6591836734693874,10.2,49
2024-06-20,0055,9.291666666666666,11.5,24
2024-06-20,0057,13.054166666666667,42.4,24
2024-06-20,0075,7.079166666666667,9.1,24
2024-06-20,0076,6.7,9,24
2024-06-21,0004,10.858333333333333,13.8,24
2024-06-21,0048,9.791666666666666,27.3,48
2024-06-21,0055,11.104166666666666,14,24
2024-06-21,0057,10.483333333333333,14.9,24
2024-06-21,0075,8.6375,11,24
2024-06-21,0076,8.070833333333333,9.9,24
2024-06-22,0004,15.375,22,24
2024-06-22,0048,14.110416666666667,22.3,48
2024-06-22,0055,14.833333333333334,21.6,24
2024-06-22,0057,14.525,22.7,24
2024-06-22,0075,11.575,16.6,24
2024-06-22,0076,11.533333333333333,16,24
2024-06-23,0004,11.666666666666666,16.7,24
2024-06-23,0048,9.622916666666667,17,48
2024-06-23,0055,10.845833333333333,17.5,24
2024-06-23,0057,9.6375,13.5,24
2024-06-23,0075,7.883333333333334,10.9,24
2024-06-23,0076,8.075,12.1,24
2024-06-24,0004,7.3125,12.7,24
2024-06-24,0048,6.883333333333333,10.7,48
2024-06-24,0055,9.320833333333333,13.2,24
2024-06-24,0057,8.05,11.4,24
2024-06-24,0075,6.6875,9.4,24
2024-06-24,0076,6.4,9.9,24
2024-06-25,0004,12.070833333333333,14.4,24
2024-06-25,0048,11.747916666666667,14,48
2024-06-25,0055,13.608333333333334,16.6,24
2024-06-25,0057,13.8875,26.9,24
2024-06-25,0075,11.433333333333334,13.4,24
2024-06-25,0076,11.083333333333334,14.7,24
2024-06-26,0004,13.6375,17,24
2024-06-26,0048,12.721276595744682,16.4,47
2024-06-26,0055,11.6875,14,24
2024-06-26,0057,11.995833333333334,14.9,24
2024-06-26,0075,10.045833333333333,11.9,24
2024-06-26,0076,10.829166666666667,12.9,24
2024-06-27,0004,5.0625,7.7,24
2024-06-27,0048,4.552083333333333,7.1,48
2024-06-27,0055,5.75,9.5,24
2024-06-27,0057,5.2333333333333325,8.5,24
2024-06-27,0075,5.120833333333334,7.6,24
2024-06-27,0076,4.191666666666666,7.1,24
2024-06-28,0004,5.025,5.7,24
2024-06-28,0048,4.291666666666667,4.9,48
2024-06-28,0055,6.0125,6.9,24
2024-06-28,0057,5.445833333333334,6.4,24
2024-06-28,0075,4.845833333333333,5.9,24
2024-06-28,0076,4.625,5.7,24
2024-06-29,0004,7.45,10,24
2024-06-29,0048,5.593877551020408,7.7,49
2024-06-29,0055,7.204166666666667,8.6,24
2024-06-29,0057,7.883333333333334,22.2,24
2024-06-29,0075,6.025,12.4,24
2024-06-29,0076,5.904166666666667,7,24
2024-06-30,0004,8.1125,14.5,24
2024-06-30,0048,6.035416666666666,10.4,48
2024-06-30,0055,7.316666666666666,10.2,24
2024-06-30,0057,6.854166666666667,9.9,24
2024-06-30,0075,6.604166666666667,10.2,24
2024-06-30,0076,6.2625,9.1,24
2024-07-01,0004,3.434782608695652,4.8,23
2024-07-01,0048,3.14375,4.8,48
2024-07-01,0055,4.360869565217391,6.2,23
2024-07-01,0057,3.9250000000000003,5.5,24
2024-07-01,0075,3.466666666666667,4.5,24
2024-07-01,0076,3.0458333333333334,4.5,24
2024-07-02,0004,5.458333333333333,8,24
2024-07-02,0048,4.736734693877551,6.3,49
2024-07-02,0055,7.129166666666666,8.6,24
2024-07-02,0057,6.2375,9.4,24
2024-07-02,0075,4.9818181818181815,5.8,22
2024-07-02,0076,5.245833333333334,6.5,24
2024-07-03,0004,7.0875,9.9,24
2024-07-03,0048,5.877083333333333,7.3,48
2024-07-03,0055,8.854166666666666,9.9,24
2024-07-03,0057,7.158333333333333,8.4,24
2024-07-03,0075,6.279166666666667,10.9,24
2024-07-03,0076,6.208333333333333,9,24
2024-07-04,0004,21.366666666666667,120.6,24
2024-07-04,0048,12.00625,33,48
2024-07-04,0055,12.608333333333334,25.9,24
2024-07-04,0057,10.674999999999999,19.8,24
2024-07-04,0075,8.5,19.1,24
2024-07-04,0076,11.8125,36.9,24
2024-07-05,0004,16.7625,23.6,24
2024-07-05,0048,14.383673469387755,21.9,49
2024-07-05,0055,14.4375,19.8,24
2024-07-05,0057,13.0625,18.5,24
2024-07-05,0075,11.475,16.1,24
2024-07-05,0076,13.5375,34.7,24
2024-07-06,0004,14.9875,20.5,24
2024-07-06,0048,12.66875,16.6,48
2024-07-06,0055,13.466666666666667,16.2,24
2024-07-06,0057,11.608333333333334,14.3,24
2024-07-06,0075,10.6875,15,24
2024-07-06,0076,11.7125,17.1,24
2024-07-07,0004,15.679166666666667,62.2,24
2024-07-07,0048,15.310416666666667,64.9,48
2024-07-07,0055,12.5,25.2,24
2024-07-07,0057,12.0875,39.6,24
2024-07-07,0075,16.05,61.1,24
2024-07-07,0076,9.083333333333334,15.4,24
2024-07-08,0004,15.895833333333334,22.8,24
2024-07-08,0048,13.626530612244897,20.2,49
2024-07-08,0055,16.5,22.4,24
2024-07-08,0057,13.8625,21.1,24
2024-07-08,0075,13.766666666666667,31.3,24
2024-07-08,0076,13.365217391304348,20.6,23
2024-07-09,0004,15.541666666666666,21.4,24
2024-07-09,0048,11.670833333333334,17.6,48
2024-07-09,0055,13.454166666666667,18.1,24
2024-07-09,0057,11.958333333333334,15.6,24
2024-07-09,0075,10.058333333333334,12.6,24
2024-07-09,0076,13.066666666666666,23.8,24
2024-07-10,0004,9.15,12.4,24
2024-07-10,0048,6.9125,10.3,48
2024-07-10,0055,8.266666666666666,10.4,24
2024-07-10,0057,8.241666666666667,11.3,24
2024-07-10,0075,6.491666666666666,8,24
2024-07-10,0076,10.504166666666666,22.1,24
2024-07-11,0004,5.113043478260869,7.8,23
2024-07-11,0048,3.8959183673469386,6.2,49
2024-07-11,0055,5.4,8.4,24
2024-07-11,0057,4.833333333333333,7,24
2024-07-11,0075,4.508333333333334,7.1,24
2024-07-11,0076,4.308333333333334,8.1,24
2024-07-12,0004,6.745833333333334,9.6,24
2024-07-12,0048,4.870833333333334,9.2,48
2024-07-12,0055,5.633333333333333,8.1,24
2024-07-12,0057,5.683333333333334,8.3,24
2024-07-12,0075,5.233333333333333,13.2,24
2024-07-12,0076,5.545833333333333,9.3,24
2024-07-13,0004,6.020833333333333,8.7,24
2024-07-13,0048,3.8479166666666664,5.8,48
2024-07-13,0055,4.983333333333333,6.4,24
2024-07-13,0057,4.658333333333333,5.8,24
2024-07-13,0075,4.05,5.4,24
2024-07-13,0076,4.475,8,24
2024-07-14,0004,8.525,11.4,24
2024-07-14,0048,6.46530612244898,11.7,49
2024-07-14,0055,7.525,11.3,24
2024-07-14,0057,6.916666666666667,9.7,24
2024-07-14,0075,5.914285714285715,7.8,21
2024-07-14,0076,6.316666666666666,9.3,24
2024-07-15,0004,13.61304347826087,20.8,23
2024-07-15,0048,10.895833333333334,16.5,48
2024-07-15,0055,12.845833333333333,16.5,24
2024-07-15,0057,11.154166666666667,14.5,24
2024-07-15,0075,9.520833333333334,12.9,24
2024-07-15,0076,10.354166666666666,14.7,24
2024-07-16,0004,17.129411764705882,21.3,17
2024-07-16,0048,13.768085106382978,19.4,47
2024-07-16,0055,16.741666666666667,19.8,24
2024-07-16,0057,14.2375,17.3,24
2024-07-16,0075,12.2125,14.7,24
2024-07-16,0076,13.0875,15.9,24
2024-07-17,0004,10.85,17.9,24
2024-07-17,0048,8.827659574468084,17.5,47
2024-07-17,0055,10.983333333333334,16,24
2024-07-17,0057,9.38695652173913,14,23
2024-07-17,0075,8.758333333333333,13.4,24
2024-07-17,0076,8.020833333333334,11.3,24
2024-07-18,0004,10.541666666666666,13.9,24
2024-07-18,0048,9.385416666666666,13.7,48
2024-07-18,0055,12.066666666666666,16.6,24
2024-07-18,0057,10.366666666666667,13.9,24
2024-07-18,0075,8.933333333333334,11.6,24
2024-07-18,0076,9.762500000000001,14.1,24
2024-07-19,0004,6.595833333333333,8.9,24
2024-07-19,0048,5.897916666666666,9.1,48
2024-07-19,0055,8.0625,13.5,24
2024-07-19,0057,6.7749999999999995,8.7,24
2024-07-19,0075,5.929166666666667,7.4,24
2024-07-19,0076,6.2375,10.3,24
2024-07-20,0004,9.691666666666666,11.6,24
2024-07-20,0048,7.475510204081632,10.1,49
2024-07-20,0055,9.729166666666666,11.8,24
2024-07-20,0057,8.545833333333333,10.6,24
2024-07-20,0075,7.616666666666666,9.2,24
2024-07-20,0076,7.954166666666667,9.7,24
2024-07-21,0004,11.070833333333333,14.2,24
2024-07-21,0048,8.5875,11.3,48
2024-07-21,0055,10.9,13.3,24
2024-07-21,0057,9.491666666666667,11.3,24
2024-07-21,0075,8.55,11.5,24
2024-07-21,0076,8.991666666666667,13.2,24
2024-07-22,0004,7.870833333333334,10.8,24
2024-07-22,0048,5.9425531914893615,8.6,47
2024-07-22,0055,8.2,13,24
2024-07-22,0057,7.241666666666667,9.7,24
2024-07-22,0075,6.4125,8,24
2024-07-22,0076,7.141666666666667,10.1,24
2024-07-23,0004,6.491666666666666,10.6,24
2024-07-23,0048,4.891836734693878,10.5,49
2024-07-23,0055,6.9125,10.6,24
2024-07-23,0057,6.05,9.4,24
2024-07-23,0075,5.3875,8,24
2024-07-23,0076,5.354166666666667,9.1,24
2024-07-24,0004,8.954166666666666,13.1,24
2024-07-24,0048,6.6187499999999995,10.9,48
2024-07-24,0055,7.862500000000001,10.9,24
2024-07-24,0057,7.4875,10.3,24
2024-07-24,0075,7.1125,11.7,24
2024-07-24,0076,7.566666666666666,11.9,24
2024-07-25,0004,13.633333333333333,20,24
2024-07-25,0048,11.891666666666666,18.8,48
2024-07-25,0055,15.429166666666665,22.8,24
2024-07-25,0057,13.291666666666668,19.9,24
2024-07-25,0075,11.970833333333333,17.2,24
2024-07-25,0076,12.495833333333334,19.6,24
2024-07-26,0004,5.975,9,24
2024-07-26,0048,5.081632653061225,8.2,49
2024-07-26,0055,7.308333333333334,10.2,24
2024-07-26,0057,6.408333333333333,8.8,24
2024-07-26,0075,5.875,10.1,24
2024-07-26,0076,5.966666666666667,11.4,24
2024-07-27,0004,10.200000000000001,20.3,24
2024-07-27,0048,9.202083333333334,19.8,48
2024-07-27,0055,11.683333333333334,21.5,24
2024-07-27,0057,10.483333333333334,18.9,24
2024-07-27,0075,9.3,18.5,24
2024-07-27,0076,8.616666666666667,17.2,24
2024-07-28,0004,16.829166666666666,21.3,24
2024-07-28,0048,16.52916666666667,28.3,48
2024-07-28,0055,16.770833333333332,21.6,24
2024-07-28,0057,16.195833333333333,21.9,24
2024-07-28,0075,16.65,19.5,24
2024-07-28,0076,15.804166666666667,21,24
2024-07-29,0004,16.741666666666667,18.8,24
2024-07-29,0048,13.297872340425531,17,47
2024-07-29,0055,15.145833333333334,17.3,24
2024-07-29,0057,14.916666666666666,16.8,24
2024-07-29,0075,13.1625,17.8,24
2024-07-29,0076,14.566666666666666,16.2,24
2024-07-30,0004,12.925,16.6,24
2024-07-30,0048,10.174999999999999,15.9,48
2024-07-30,0055,12.666666666666666,15.2,24
2024-07-30,0057,11.575,14.3,24
2024-07-30,0075,9.620833333333334,13.4,24
2024-07-30,0076,10.958333333333334,14.8,24
2024-07-31,0004,10.2625,13.2,24
2024-07-31,0048,7.575,11.1,48
2024-07-31,0055,9.454166666666666,12.1,24
2024-07-31,0057,8.695833333333333,10.8,24
2024-07-31,0075,7.795833333333333,10.5,24
2024-07-31,0076,7.870833333333334,9.9,24
2024-08-01,0004,17.21666666666667,23.3,24
2024-08-01,0048,14.814583333333333,19.7,48
2024-08-01,0055,19.23913043478261,24,23
2024-08-01,0057,15.494736842105263,19.3,19
2024-08-01,0075,13.616666666666667,17.2,24
2024-08-01,0076,14.516666666666666,18.3,24
2024-08-02,0004,14.995652173913044,23.6,23
2024-08-02,0048,12.185416666666667,20.3,48
2024-08-02,0055,14.495833333333334,20.6,24
2024-08-02,0057,NA,-Inf,0
2024-08-02,0075,12.7375,19.5,24
2024-08-02,0076,12.383333333333335,19,24
2024-08-03,0004,10.591666666666667,20,24
2024-08-03,0048,8.335416666666667,17.2,48
2024-08-03,0055,10.15,18.2,24
2024-08-03,0057,NA,-Inf,0
2024-08-03,0075,10.166666666666666,16.8,24
2024-08-03,0076,9.025,15.6,24
2024-08-04,0004,8.833333333333334,11.6,24
2024-08-04,0048,6.84375,9.4,48
2024-08-04,0055,8.3875,10.3,24
2024-08-04,0057,NA,-Inf,0
2024-08-04,0075,7.641666666666667,10.2,24
2024-08-04,0076,7.958333333333333,10.6,24
2024-08-05,0004,12.745833333333334,16.9,24
2024-08-05,0048,9.989583333333334,13.8,48
2024-08-05,0055,12.766666666666666,17.9,24
2024-08-05,0057,NA,-Inf,0
2024-08-05,0075,10.395833333333334,12.2,24
2024-08-05,0076,11.820833333333333,15.2,24
2024-08-06,0004,13.854166666666666,22.2,24
2024-08-06,0048,10.822916666666666,17.8,48
2024-08-06,0055,12.7875,18.4,24
2024-08-06,0057,NA,-Inf,0
2024-08-06,0075,11.770833333333334,18.9,24
2024-08-06,0076,11.375,16.4,24
2024-08-07,0004,5.608333333333333,7.5,24
2024-08-07,0048,4.539583333333333,6.3,48
2024-08-07,0055,6.058333333333334,7.9,24
2024-08-07,0057,NA,-Inf,0
2024-08-07,0075,5.991666666666667,8.4,24
2024-08-07,0076,5.145833333333333,7.3,24
2024-08-08,0004,4.604166666666667,9,24
2024-08-08,0048,3.85625,7.5,48
2024-08-08,0055,5.1875,10.2,24
2024-08-08,0057,NA,-Inf,0
2024-08-08,0075,5.145833333333333,9.1,24
2024-08-08,0076,5.660869565217391,9.6,23
2024-08-09,0004,9.008333333333333,12.3,24
2024-08-09,0048,7.272916666666667,10.8,48
2024-08-09,0055,8.545833333333333,12.1,24
2024-08-09,0057,6.591666666666667,14.2,12
2024-08-09,0075,8.795833333333333,11.2,24
2024-08-09,0076,8.704166666666666,12.8,24
2024-08-10,0004,9.854166666666666,12.1,24
2024-08-10,0048,8.387755102040817,10.4,49
2024-08-10,0055,11.320833333333333,13.5,24
2024-08-10,0057,9.879166666666666,11.7,24
2024-08-10,0075,9.391666666666667,11.4,24
2024-08-10,0076,9.358333333333334,11.5,24
2024-08-11,0004,7.05,7.6,4
2024-08-11,0048,5.91875,7.9,48
2024-08-11,0055,8.141666666666667,9.6,24
2024-08-11,0057,7.333333333333333,9,24
2024-08-11,0075,6.325,7.2,24
2024-08-11,0076,6.6625,9.6,24
2024-08-12,0004,6.4,9,9
2024-08-12,0048,6.270212765957447,9.6,47
2024-08-12,0055,9.5125,21.4,24
2024-08-12,0057,7.430434782608696,10,23
2024-08-12,0075,6.933333333333334,9.7,24
2024-08-12,0076,6.170833333333333,8.1,24
2024-08-13,0004,7.675,10.4,24
2024-08-13,0048,7.226530612244898,10,49
2024-08-13,0055,9.545833333333333,12.4,24
2024-08-13,0057,8.270833333333334,11.3,24
2024-08-13,0075,7.341666666666667,9.9,24
2024-08-13,0076,7.079166666666667,9.4,24
2024-08-14,0004,16.408333333333335,22.7,24
2024-08-14,0048,15.833333333333334,21.6,48
2024-08-14,0055,19.604166666666668,27.5,24
2024-08-14,0057,17.420833333333334,24.2,24
2024-08-14,0075,16.066666666666666,21.3,24
2024-08-14,0076,15.4125,22.4,24
2024-08-15,0004,14.6,19.1,24
2024-08-15,0048,14.183333333333334,20.2,48
2024-08-15,0055,18.020833333333332,22.2,24
2024-08-15,0057,15.887500000000001,18.6,24
2024-08-15,0075,13.670833333333333,16.5,24
2024-08-15,0076,14.783333333333333,17.9,24
2024-08-16,0004,16.875,19.1,24
2024-08-16,0048,15.948979591836736,20.6,49
2024-08-16,0055,20.866666666666667,25.6,24
2024-08-16,0057,16.916666666666668,19,24
2024-08-16,0075,15.860869565217392,17.4,23
2024-08-16,0076,16.475,18.8,24
2024-08-17,0004,19.929166666666667,24.4,24
2024-08-17,0048,17.9875,23.4,48
2024-08-17,0055,22.75,30.3,24
2024-08-17,0057,20.354166666666668,25.9,24
2024-08-17,0075,17.3625,20.9,24
2024-08-17,0076,20.041666666666668,26.4,24
2024-08-18,0004,15.854166666666666,21.9,24
2024-08-18,0048,13.629166666666666,21.6,48
2024-08-18,0055,16.4125,24.9,24
2024-08-18,0057,15.316666666666666,22.6,24
2024-08-18,0075,14.620833333333334,19.8,24
2024-08-18,0076,14.979166666666666,23.4,24
2024-08-19,0004,7.641666666666667,18,24
2024-08-19,0048,6.152083333333333,15.5,48
2024-08-19,0055,7.833333333333334,15.2,24
2024-08-19,0057,7.104166666666666,15.6,24
2024-08-19,0075,6.5,12.5,24
2024-08-19,0076,6.420833333333333,12.4,24
2024-08-20,0004,3.7291666666666665,6.4,24
2024-08-20,0048,3.8791666666666664,11.3,48
2024-08-20,0055,4.470833333333333,7.9,24
2024-08-20,0057,4.0375000000000005,6.8,24
2024-08-20,0075,3.779166666666667,6.3,24
2024-08-20,0076,3.1333333333333333,5.2,24
2024-08-21,0004,3.9666666666666663,4.8,24
2024-08-21,0048,3.5375,4.2,48
2024-08-21,0055,4.908333333333333,6.5,24
2024-08-21,0057,4.358333333333333,5.5,24
2024-08-21,0075,4.004166666666666,4.6,24
2024-08-21,0076,3.3625,4.1,24
2024-08-22,0004,6,8.1,24
2024-08-22,0048,5.54375,7.4,48
2024-08-22,0055,7.891304347826087,11.9,23
2024-08-22,0057,6.120833333333334,8.4,24
2024-08-22,0075,6.154166666666667,8.6,24
2024-08-22,0076,4.991666666666667,7.2,24
2024-08-23,0004,10.75,14.1,24
2024-08-23,0048,9.120833333333334,10.8,48
2024-08-23,0055,11.886956521739132,24.4,23
2024-08-23,0057,10.108695652173914,11.7,23
2024-08-23,0075,10.104347826086956,12.6,23
2024-08-23,0076,9.404166666666667,12.5,24
2024-08-24,0004,13.070833333333333,21.3,24
2024-08-24,0048,11.0125,13.6,48
2024-08-24,0055,10.804166666666667,13.1,24
2024-08-24,0057,11.704166666666666,14.4,24
2024-08-24,0075,11.8125,14.1,24
2024-08-24,0076,11.65,15.3,24
2024-08-25,0004,12.083333333333334,14.8,24
2024-08-25,0048,10.566666666666666,12.6,48
2024-08-25,0055,10.370833333333334,11.5,24
2024-08-25,0057,11.145833333333334,12.5,24
2024-08-25,0075,10.608333333333334,12.2,24
2024-08-25,0076,11.158333333333333,13.6,24
2024-08-26,0004,13.747826086956522,20.6,23
2024-08-26,0048,12.302083333333334,16.9,48
2024-08-26,0055,11.9625,14.7,24
2024-08-26,0057,12.745833333333334,16,24
2024-08-26,0075,12.1,15.5,24
2024-08-26,0076,11.665217391304347,14,23
2024-08-27,0004,15.466666666666667,21.3,24
2024-08-27,0048,13.9,16.7,48
2024-08-27,0055,13.408333333333333,15.9,24
2024-08-27,0057,14.808333333333334,18.1,24
2024-08-27,0075,12.883333333333333,14.6,24
2024-08-27,0076,12.941666666666666,16.6,24
2024-08-28,0004,13.058333333333334,19,24
2024-08-28,0048,11.735416666666667,17.9,48
2024-08-28,0055,11.320833333333333,15.8,24
2024-08-28,0057,12.245833333333334,16.4,24
2024-08-28,0075,10.7375,16,24
2024-08-28,0076,11.020833333333332,15.8,24
2024-08-29,0004,7.379166666666666,10,24
2024-08-29,0048,6.002083333333333,7.9,48
2024-08-29,0055,6.370833333333334,7.7,24
2024-08-29,0057,7.204166666666667,11.2,24
2024-08-29,0075,6.129166666666666,7.6,24
2024-08-29,0076,6.2375,8,24
2024-08-30,0004,4.9125,6,24
2024-08-30,0048,5.614583333333333,51.9,48
2024-08-30,0055,4.9,5.9,24
2024-08-30,0057,5.145833333333333,5.9,24
2024-08-30,0075,4.725,6.6,24
2024-08-30,0076,4.65,6.5,24
2024-08-31,0004,6.966666666666667,9.1,24
2024-08-31,0048,5.016326530612245,7.1,49
2024-08-31,0055,5.704166666666667,8.4,24
2024-08-31,0057,6.1,8.5,24
2024-08-31,0075,5.5625,7.4,24
2024-08-31,0076,5.466666666666667,9,24
2024-09-01,0004,8.833333333333334,13.1,24
2024-09-01,0048,6.477083333333333,9.8,48
2024-09-01,0055,6.2,8.1,24
2024-09-01,0057,7.070833333333333,9.8,24
2024-09-01,0075,6.516666666666667,10.2,24
2024-09-01,0076,6.3625,8.9,24
2024-09-02,0004,6.300000000000001,10.6,24
2024-09-02,0048,5.545833333333333,10.4,48
2024-09-02,0055,5.841666666666667,10.6,24
2024-09-02,0057,6.454166666666667,11.6,24
2024-09-02,0075,6.0875,12.6,24
2024-09-02,0076,5.420833333333333,10.6,24
2024-09-03,0004,4.35,7.1,24
2024-09-03,0048,4.038775510204082,6.1,49
2024-09-03,0055,4.379166666666666,7.6,24
2024-09-03,0057,4.683333333333334,6.1,24
2024-09-03,0075,5.566666666666666,17.1,24
2024-09-03,0076,3.533333333333333,5,24
2024-09-04,0004,6.25,9.5,24
2024-09-04,0048,5.522916666666666,8.1,48
2024-09-04,0055,6.3375,8.3,24
2024-09-04,0057,6.5625,10.5,24
2024-09-04,0075,6.9375,11,24
2024-09-04,0076,5.495833333333334,6.8,24
2024-09-05,0004,6,7.1,24
2024-09-05,0048,5.116666666666666,6.7,48
2024-09-05,0055,6.041666666666667,7.7,24
2024-09-05,0057,6.4,8.3,24
2024-09-05,0075,5.941666666666666,7.9,24
2024-09-05,0076,5.195833333333333,5.6,24
2024-09-06,0004,7.858333333333333,10.7,24
2024-09-06,0048,6.757446808510639,8.7,47
2024-09-06,0055,7.4125,9.3,24
2024-09-06,0057,8.116666666666667,10,24
2024-09-06,0075,7.558333333333334,9.5,24
2024-09-06,0076,6.758333333333334,9,24
2024-09-07,0004,6.1625000000000005,9.5,24
2024-09-07,0048,5.339583333333334,13.2,48
2024-09-07,0055,6.045833333333333,25.8,24
2024-09-07,0057,6.033333333333333,9.3,24
2024-09-07,0075,5.7875,10.4,24
2024-09-07,0076,5.320833333333333,9.6,24
2024-09-08,0004,3.4124999999999996,6.1,24
2024-09-08,0048,2.7270833333333333,4.1,48
2024-09-08,0055,2.970833333333333,4.5,24
2024-09-08,0057,3.1375,4.4,24
2024-09-08,0075,3.2958333333333334,5.2,24
2024-09-08,0076,2.591666666666667,4.5,24
2024-09-09,0004,4.4375,6.8,24
2024-09-09,0048,3.8326530612244896,6.3,49
2024-09-09,0055,4.35,6,24
2024-09-09,0057,4.166666666666667,5.3,24
2024-09-09,0075,4.3,5.8,24
2024-09-09,0076,3.282608695652174,4.9,23
2024-09-10,0004,7.021739130434782,10.1,23
2024-09-10,0048,6.419148936170213,10.2,47
2024-09-10,0055,7.333333333333333,13.9,24
2024-09-10,0057,7.2,11.8,24
2024-09-10,0075,7.020833333333333,10.8,24
2024-09-10,0076,5.654166666666667,7.1,24
2024-09-11,0004,7.4875,9.8,24
2024-09-11,0048,6.885416666666666,12.7,48
2024-09-11,0055,7.758333333333333,13.5,24
2024-09-11,0057,8.416666666666666,13.6,24
2024-09-11,0075,8.325,18.1,24
2024-09-11,0076,7.0125,11.2,24
2024-09-12,0004,12.683333333333334,24.5,24
2024-09-12,0048,11.038297872340426,28.9,47
2024-09-12,0055,9.1875,23.1,24
2024-09-12,0057,10.9375,23.5,24
2024-09-12,0075,11.408695652173913,23.3,23
2024-09-12,0076,10.2625,20.1,24
2024-09-13,0004,16.1375,68.9,24
2024-09-13,0048,5.764583333333333,9.9,48
2024-09-13,0055,7.6,32.5,24
2024-09-13,0057,9.070833333333333,53.3,24
2024-09-13,0075,6.775,8.9,24
2024-09-13,0076,7.908333333333333,46.1,24
2024-09-14,0004,11.408333333333333,15.4,24
2024-09-14,0048,9.19375,12.5,48
2024-09-14,0055,9.925,13.1,24
2024-09-14,0057,10.708333333333334,13.8,24
2024-09-14,0075,9.758333333333333,11.7,24
2024-09-14,0076,9.316666666666666,11.6,24
2024-09-15,0004,9.229166666666666,11.9,24
2024-09-15,0048,8.077551020408164,11.9,49
2024-09-15,0055,8.683333333333334,12.6,24
2024-09-15,0057,9.75,13.6,24
2024-09-15,0075,8.9875,12.7,24
2024-09-15,0076,8.591666666666667,11.5,24
2024-09-16,0004,6.595833333333333,7.9,24
2024-09-16,0048,5.485416666666667,6.5,48
2024-09-16,0055,6.308695652173913,7,23
2024-09-16,0057,6.816666666666666,7.8,24
2024-09-16,0075,6.5,8.1,24
2024-09-16,0076,5.870833333333334,6.8,24
2024-09-17,0004,8.170833333333333,9.7,24
2024-09-17,0048,7.120833333333334,10.1,48
2024-09-17,0055,7.7875,9.5,24
2024-09-17,0057,8.595833333333333,11.1,24
2024-09-17,0075,7.641666666666667,9.4,24
2024-09-17,0076,7.616666666666667,9.4,24
2024-09-18,0004,8.316666666666666,10.6,24
2024-09-18,0048,7.083673469387755,9.4,49
2024-09-18,0055,7.504166666666666,10,24
2024-09-18,0057,8.654166666666667,11.8,24
2024-09-18,0075,7.804166666666666,10.2,24
2024-09-18,0076,7.658333333333333,9.6,24
2024-09-19,0004,9.766666666666667,14.4,24
2024-09-19,0048,9.414583333333333,14.8,48
2024-09-19,0055,9.275,12.9,24
2024-09-19,0057,10.41304347826087,14.6,23
2024-09-19,0075,10.129166666666666,15.2,24
2024-09-19,0076,8.804166666666667,12.6,24
2024-09-20,0004,7.991666666666667,13.1,24
2024-09-20,0048,7.352083333333333,13.9,48
2024-09-20,0055,6.8999999999999995,11.9,24
2024-09-20,0057,8.145833333333334,14.3,24
2024-09-20,0075,8.691666666666666,14.4,24
2024-09-20,0076,7.129166666666666,12.7,24
2024-09-21,0004,8.533333333333333,10.5,24
2024-09-21,0048,7.355102040816327,9.1,49
2024-09-21,0055,8.125,10.8,24
2024-09-21,0057,8.683333333333334,10.5,24
2024-09-21,0075,8.6125,12.8,24
2024-09-21,0076,7.829166666666667,10.9,24
2024-09-22,0004,6.1,12.2,24
2024-09-22,0048,4.8375,6.1,48
2024-09-22,0055,5.5375,6.9,24
2024-09-22,0057,5.8875,7.1,24
2024-09-22,0075,5.679166666666667,7.7,24
2024-09-22,0076,5.175,5.9,24
2024-09-23,0004,5.908333333333333,7.1,24
2024-09-23,0048,4.76875,5.7,48
2024-09-23,0055,5.8125,6.7,24
2024-09-23,0057,6.279166666666667,8.4,24
2024-09-23,0075,5.970833333333333,6.9,24
2024-09-23,0076,5.391666666666667,6.6,24
2024-09-24,0004,6.033333333333333,6.9,24
2024-09-24,0048,4.961224489795918,5.9,49
2024-09-24,0055,6.083333333333333,7.1,24
2024-09-24,0057,6.466666666666667,9.5,24
2024-09-24,0075,5.729166666666667,6.7,24
2024-09-24,0076,5.483333333333333,6.3,24
2024-09-25,0004,6.295833333333333,8.3,24
2024-09-25,0048,5.0125,6.3,48
2024-09-25,0055,6.5375,8.3,24
2024-09-25,0057,6.6625,8.4,24
2024-09-25,0075,5.929166666666666,7.9,24
2024-09-25,0076,5.975,8.5,24
2024-09-26,0004,7.366666666666666,11.4,24
2024-09-26,0048,5.133333333333334,9,48
2024-09-26,0055,6.516666666666667,14.4,24
2024-09-26,0057,7.016666666666667,11.4,24
2024-09-26,0075,6.2625,10.3,24
2024-09-26,0076,6.216666666666667,11.3,24
2024-09-27,0004,5.6875,11.2,24
2024-09-27,0048,4.481632653061225,8.9,49
2024-09-27,0055,5.308333333333334,9.3,24
2024-09-27,0057,6.033333333333333,11.2,24
2024-09-27,0075,5.216666666666667,11.3,24
2024-09-27,0076,4.858333333333333,10.2,24
2024-09-28,0004,3.1708333333333334,5.9,24
2024-09-28,0048,2.3833333333333333,4.7,48
2024-09-28,0055,2.591666666666667,5.7,24
2024-09-28,0057,3.8375,6.4,24
2024-09-28,0075,3.345833333333333,5.6,24
2024-09-28,0076,3.8291666666666666,6.2,24
2024-09-29,0004,3.875,7,24
2024-09-29,0048,3.0875,5.5,48
2024-09-29,0055,3.908333333333333,5.6,24
2024-09-29,0057,4.179166666666666,6.5,24
2024-09-29,0075,3.5875,7,24
2024-09-29,0076,3.691666666666667,6.4,24
2024-09-30,0004,5.966666666666667,10.3,24
2024-09-30,0048,4.944897959183673,8.4,49
2024-09-30,0055,5.8125,9.6,24
2024-09-30,0057,6.625,10.8,24
2024-09-30,0075,5.6375,8.8,24
2024-09-30,0076,5.316666666666666,8.1,24
2024-10-01,0004,5.583333333333333,7.6,24
2024-10-01,0048,4.866666666666666,6.5,48
2024-10-01,0055,5.4624999999999995,7.3,24
2024-10-01,0057,6.258333333333333,8.2,24
2024-10-01,0075,5.6125,7.5,24
2024-10-01,0076,5.091666666666667,6.5,24
2024-10-02,0004,7.371428571428572,8.3,7
2024-10-02,0048,5.64375,6.9,48
2024-10-02,0055,6.6125,7.7,24
2024-10-02,0057,7.2749999999999995,8.6,24
2024-10-02,0075,6.5,7.9,24
2024-10-02,0076,6.275,7.2,24
2024-10-03,0004,7.7846153846153845,9.5,13
2024-10-03,0048,6.129787234042554,9.9,47
2024-10-03,0055,6.708333333333333,8.7,24
2024-10-03,0057,7.491666666666667,10.6,24
2024-10-03,0075,6.6125,7.9,24
2024-10-03,0076,6.395833333333333,8.5,24
2024-10-04,0004,10.120833333333334,31,24
2024-10-04,0048,6.910416666666666,8.8,48
2024-10-04,0055,6.979166666666667,9.7,24
2024-10-04,0057,8.4625,14.4,24
2024-10-04,0075,7.2,9.5,24
2024-10-04,0076,7,12.2,23
2024-10-05,0004,7.2625,11.1,24
2024-10-05,0048,6.604166666666666,11.6,48
2024-10-05,0055,6.904166666666667,12.3,24
2024-10-05,0057,8.041666666666666,14.2,24
2024-10-05,0075,7.620833333333334,13.7,24
2024-10-05,0076,6.333333333333333,13,24
2024-10-06,0004,7.541666666666667,9.1,24
2024-10-06,0048,6.634693877551021,8.6,49
2024-10-06,0055,7.1000000000000005,8.9,24
2024-10-06,0057,7.895833333333333,9.1,24
2024-10-06,0075,7.166666666666667,10.4,24
2024-10-06,0076,6.616666666666666,7.7,24
2024-10-07,0004,9.3,15.3,24
2024-10-07,0048,8.9375,16.9,48
2024-10-07,0055,8.808333333333334,14,24
2024-10-07,0057,9.641666666666667,15.6,24
2024-10-07,0075,8.770833333333334,15.1,24
2024-10-07,0076,8.333333333333334,15,24
2024-10-08,0004,4.7625,6.7,24
2024-10-08,0048,4.685416666666667,6.5,48
2024-10-08,0055,4.6125,6.8,24
2024-10-08,0057,4.916666666666667,7.1,24
2024-10-08,0075,5.091666666666667,6.9,24
2024-10-08,0076,3.725,5.4,24
2024-10-09,0004,6.416666666666667,15.1,24
2024-10-09,0048,5.9734693877551015,12.4,49
2024-10-09,0055,6.208333333333333,13.7,24
2024-10-09,0057,5.8374999999999995,10.7,24
2024-10-09,0075,6.433333333333333,12.6,24
2024-10-09,0076,4.179166666666667,7.7,24
2024-10-10,0004,2.2583333333333333,3.3,24
2024-10-10,0048,2.5666666666666664,3.8,48
2024-10-10,0055,2.033333333333333,3.5,24
2024-10-10,0057,2.6166666666666667,3.5,24
2024-10-10,0075,2.6043478260869564,3.9,23
2024-10-10,0076,1.6791666666666667,2.6,24
2024-10-11,0004,4.4375,6.9,24
2024-10-11,0048,4.054166666666666,5.8,48
2024-10-11,0055,4.239130434782609,6.6,23
2024-10-11,0057,4.375,6.5,24
2024-10-11,0075,4.358333333333333,6,24
2024-10-11,0076,3.2333333333333334,5.4,24
2024-10-12,0004,7.779166666666667,18.1,24
2024-10-12,0048,7.030612244897959,14.9,49
2024-10-12,0055,6.945833333333334,14.3,24
2024-10-12,0057,7.608333333333333,14.9,24
2024-10-12,0075,7.958333333333333,20.5,24
2024-10-12,0076,5.904166666666667,8.9,24
2024-10-13,0004,13.3,20.9,23
2024-10-13,0048,13.820833333333333,40,48
2024-10-13,0055,12.0375,27.7,24
2024-10-13,0057,14.933333333333334,36.5,24
2024-10-13,0075,13.058333333333334,23,24
2024-10-13,0076,12.933333333333334,23.1,24
2024-10-14,0004,6.495833333333334,12.8,24
2024-10-14,0048,6.258333333333333,13,48
2024-10-14,0055,7.895833333333333,18.7,24
2024-10-14,0057,7.245833333333334,15.7,24
2024-10-14,0075,6.245833333333333,14,24
2024-10-14,0076,5.008333333333334,11,24
2024-10-15,0004,3.3041666666666667,5.3,24
2024-10-15,0048,3.283673469387755,7.5,49
2024-10-15,0055,3.7666666666666666,7.7,24
2024-10-15,0057,3.3916666666666666,5.7,24
2024-10-15,0075,3.3,5.1,24
2024-10-15,0076,2.4625,4,24
2024-10-16,0004,2.908333333333333,4.3,24
2024-10-16,0048,3.029166666666667,4.6,48
2024-10-16,0055,2.6875,4,24
2024-10-16,0057,3.1956521739130435,4.1,23
2024-10-16,0075,3.05,4,24
2024-10-16,0076,2.1666666666666665,2.8,24
2024-10-17,0004,3.8083333333333336,7.6,24
2024-10-17,0048,3.7979166666666666,8.8,48
2024-10-17,0055,3.4208333333333334,6,24
2024-10-17,0057,4.333333333333333,8.1,24
2024-10-17,0075,3.8583333333333334,7.2,24
2024-10-17,0076,2.9958333333333336,4.8,24
2024-10-18,0004,5.341666666666667,12.9,24
2024-10-18,0048,4.6,15.1,49
2024-10-18,0055,4.9875,12.6,24
2024-10-18,0057,5.695833333333333,14.1,24
2024-10-18,0075,5.3125,13.1,24
2024-10-18,0076,3.7125,7.6,24
2024-10-19,0004,7.7875,12.8,24
2024-10-19,0048,7.770833333333333,16.5,48
2024-10-19,0055,7.783333333333333,14.5,24
2024-10-19,0057,7.579166666666667,11.9,24
2024-10-19,0075,7.15,12.8,24
2024-10-19,0076,6.2875,13.7,24
2024-10-20,0004,10.1875,15.9,24
2024-10-20,0048,9.78125,19.9,48
2024-10-20,0055,11.1125,21,24
2024-10-20,0057,9.933333333333334,16.6,24
2024-10-20,0075,10.258333333333333,14.5,24
2024-10-20,0076,7.520833333333333,14.5,24
2024-10-21,0004,13.495833333333334,22.2,24
2024-10-21,0048,13.553061224489795,20.6,49
2024-10-21,0055,12.891666666666667,18.6,24
2024-10-21,0057,12.583333333333334,17.2,24
2024-10-21,0075,13.004166666666666,16.7,24
2024-10-21,0076,9.308333333333334,16.8,24
2024-10-22,0004,15.6125,25.1,24
2024-10-22,0048,15.652083333333334,27.4,48
2024-10-22,0055,14.620833333333334,24.2,24
2024-10-22,0057,14.960869565217392,23.4,23
2024-10-22,0075,15.0625,25.3,24
2024-10-22,0076,12.029166666666667,18.3,24
2024-10-23,0004,12.954166666666666,22.4,24
2024-10-23,0048,11.970833333333333,29.8,48
2024-10-23,0055,11.5,18.3,24
2024-10-23,0057,11.825,17.8,24
2024-10-23,0075,12.945833333333333,26,24
2024-10-23,0076,10.245833333333334,15.4,24
2024-10-24,0004,5.8125,13.9,24
2024-10-24,0048,5.816326530612245,14.7,49
2024-10-24,0055,5.8875,15.9,24
2024-10-24,0057,6.354166666666667,14.4,24
2024-10-24,0075,5.9875,14.5,24
2024-10-24,0076,5.045833333333333,12.6,24
2024-10-25,0004,5.008333333333333,9.4,24
2024-10-25,0048,4.35625,8,48
2024-10-25,0055,4.441666666666666,7.3,24
2024-10-25,0057,4.908333333333333,8.1,24
2024-10-25,0075,4.683333333333334,7.9,24
2024-10-25,0076,3.3125,5.4,24
2024-10-26,0004,7.041666666666667,12.3,24
2024-10-26,0048,6.460416666666666,12.9,48
2024-10-26,0055,6.204166666666667,10.1,24
2024-10-26,0057,6.7125,9.2,24
2024-10-26,0075,9.083333333333334,10.8,6
2024-10-26,0076,4.991666666666667,7.7,24
2024-10-27,0004,3.9833333333333334,9.5,24
2024-10-27,0048,3.3081632653061224,10.5,49
2024-10-27,0055,3.808333333333333,11,24
2024-10-27,0057,3.925,10.4,24
2024-10-27,0075,NA,-Inf,0
2024-10-27,0076,2.925,5.5,24
2024-10-28,0004,7.2749999999999995,15.9,24
2024-10-28,0048,8.779166666666667,25.7,48
2024-10-28,0055,8.216666666666667,21.9,24
2024-10-28,0057,7.329166666666667,14.3,24
2024-10-28,0075,5.75,8.3,10
2024-10-28,0076,5.391666666666667,8.6,24
2024-10-29,0004,8.275,14.9,24
2024-10-29,0048,8.435416666666667,24.4,48
2024-10-29,0055,8.716666666666667,17.5,24
2024-10-29,0057,9.979166666666666,27.9,24
2024-10-29,0075,7.320833333333334,10.9,24
2024-10-29,0076,6.470833333333333,13.2,24
2024-10-30,0004,15.375,20.5,24
2024-10-30,0048,12.889795918367346,18.2,49
2024-10-30,0055,13,16.1,24
2024-10-30,0057,13.929166666666667,19.4,24
2024-10-30,0075,13.870833333333334,18.4,24
2024-10-30,0076,12.695833333333333,18.1,24
2024-10-31,0004,14.141666666666666,17.9,24
2024-10-31,0048,11.235416666666666,14.7,48
2024-10-31,0055,12.175,18.3,24
2024-10-31,0057,12.241666666666667,17.3,24
2024-10-31,0075,12.854166666666666,17.6,24
2024-10-31,0076,14.274999999999999,20.5,24
2024-11-01,0004,7,11.8,24
2024-11-01,0048,6.341666666666667,10.2,48
2024-11-01,0055,6.7375,10.3,24
2024-11-01,0057,7.425,13.2,24
2024-11-01,0075,7.0375,11.3,24
2024-11-01,0076,5.654166666666667,9.1,24
2024-11-02,0004,3.85,6.2,24
2024-11-02,0048,3.5183673469387755,5.7,49
2024-11-02,0055,3.625,8.6,24
2024-11-02,0057,4.145833333333333,6.7,24
2024-11-02,0075,3.95,7.7,24
2024-11-02,0076,3.375,9.3,24
2024-11-03,0004,4.308333333333334,7.6,24
2024-11-03,0048,3.5437499999999997,5.4,48
2024-11-03,0055,4.383333333333333,8.5,24
2024-11-03,0057,4.675,7.2,24
2024-11-03,0075,4.658333333333333,11,24
2024-11-03,0076,3.4333333333333336,5.8,24
2024-11-04,0004,21.737499999999997,102.3,24
2024-11-04,0048,15.204255319148935,96.5,47
2024-11-04,0055,7.645833333333333,10.8,24
2024-11-04,0057,9.570833333333333,17.6,24
2024-11-04,0075,7.741666666666666,15.3,24
2024-11-04,0076,6.3875,8.6,24
2024-11-05,0004,10.870833333333334,24.2,24
2024-11-05,0048,6.433333333333333,15.8,48
2024-11-05,0055,8.679166666666667,15.9,24
2024-11-05,0057,8.566666666666666,14.9,24
2024-11-05,0075,15.7375,40.7,24
2024-11-05,0076,9.071428571428571,12.6,14
2024-11-06,0004,8.945833333333333,12.2,24
2024-11-06,0048,6.841666666666667,9.1,48
2024-11-06,0055,7.604166666666667,10.1,24
2024-11-06,0057,7.879166666666666,9.9,24
2024-11-06,0075,8.016666666666667,10.7,24
2024-11-06,0076,8.766666666666667,9.7,12
2024-11-07,0004,8.216666666666667,13.3,24
2024-11-07,0048,8.04375,13.4,48
2024-11-07,0055,8.404166666666667,16.7,24
2024-11-07,0057,8.620833333333334,13.7,24
2024-11-07,0075,7.995833333333333,13.7,24
2024-11-07,0076,6.495833333333334,10.8,24
2024-11-08,0004,5.308695652173913,8.3,23
2024-11-08,0048,6.120408163265306,21.7,49
2024-11-08,0055,6.05,11.4,24
2024-11-08,0057,5.279166666666667,11,24
2024-11-08,0075,5.3,8.3,23
2024-11-08,0076,3.8166666666666664,5.3,24
2024-11-09,0004,3.8791666666666664,13.3,24
2024-11-09,0048,3.4854166666666666,11.5,48
2024-11-09,0055,3.854166666666667,16.7,24
2024-11-09,0057,4.491666666666666,17.1,24
2024-11-09,0075,4.729166666666666,17.2,24
2024-11-09,0076,2.3249999999999997,5.7,24
2024-11-10,0004,16.833333333333332,109.5,24
2024-11-10,0048,16.266666666666666,108.9,48
2024-11-10,0055,36.04166666666667,214.1,24
2024-11-10,0057,21.458333333333332,135.5,24
2024-11-10,0075,12.479166666666668,57.3,24
2024-11-10,0076,9.508333333333333,60.9,24
2024-11-11,0004,6.679166666666667,13.5,24
2024-11-11,0048,5.557142857142857,9,49
2024-11-11,0055,6.1375,10.6,24
2024-11-11,0057,6.429166666666666,9.8,24
2024-11-11,0075,6.229166666666666,9.1,24
2024-11-11,0076,4.904166666666667,11.1,24
2024-11-12,0004,2.091666666666667,4.2,24
2024-11-12,0048,2.6166666666666667,4.3,48
2024-11-12,0055,2.1416666666666666,7.1,24
2024-11-12,0057,2.6416666666666666,5.6,24
2024-11-12,0075,2.275,5.2,24
2024-11-12,0076,1.7,4.4,23
2024-11-13,0004,5.991666666666666,11.5,24
2024-11-13,0048,5.220833333333333,12,48
2024-11-13,0055,6.058333333333334,11.5,24
2024-11-13,0057,6.583333333333333,18,24
2024-11-13,0075,5.679166666666667,12.3,24
2024-11-13,0076,5.108333333333333,10.8,24
2024-11-14,0004,6.0375,9.5,24
2024-11-14,0048,5.3244897959183675,10.3,49
2024-11-14,0055,5.9375,10.8,24
2024-11-14,0057,6.958333333333333,13.2,24
2024-11-14,0075,6.083333333333333,11.4,24
2024-11-14,0076,5.808333333333334,9.3,24
2024-11-15,0004,6.725,9.1,24
2024-11-15,0048,5.685416666666667,7.8,48
2024-11-15,0055,5.9,7.6,24
2024-11-15,0057,7.195833333333334,9.4,24
2024-11-15,0075,5.979166666666667,8.9,24
2024-11-15,0076,5.195833333333333,6.6,24
2024-11-16,0004,4.9375,6.8,24
2024-11-16,0048,5.095833333333333,11.4,48
2024-11-16,0055,4.204166666666667,5.7,24
2024-11-16,0057,5.116666666666666,6.7,24
2024-11-16,0075,4.6,7.2,24
2024-11-16,0076,3.5375,4.9,24
2024-11-17,0004,8.058333333333334,15.2,24
2024-11-17,0048,7.112244897959184,12.3,49
2024-11-17,0055,7.366666666666666,13.2,24
2024-11-17,0057,8.1625,12,24
2024-11-17,0075,7.2625,12.2,24
2024-11-17,0076,5.6625,9.8,24
2024-11-18,0004,12.0625,17.9,24
2024-11-18,0048,12.06875,19.9,48
2024-11-18,0055,12.441666666666666,17,24
2024-11-18,0057,11.629166666666666,15.2,24
2024-11-18,0075,10.720833333333333,13.2,24
2024-11-18,0076,8.5625,10.9,24
2024-11-19,0004,8.047826086956523,13.6,23
2024-11-19,0048,6.785416666666666,12.7,48
2024-11-19,0055,6.883333333333334,11.7,24
2024-11-19,0057,7.6375,13.4,24
2024-11-19,0075,7.633333333333334,16.9,24
2024-11-19,0076,5.833333333333333,9.8,24
2024-11-20,0004,11.795833333333334,17.1,24
2024-11-20,0048,9.826530612244898,15.7,49
2024-11-20,0055,10.052173913043479,16.1,23
2024-11-20,0057,11.652173913043478,17.5,23
2024-11-20,0075,10.170833333333333,13,24
2024-11-20,0076,10.341666666666667,17.4,24
2024-11-21,0004,3.3833333333333333,7.5,24
2024-11-21,0048,3.2437500000000004,6.2,48
2024-11-21,0055,3.275,7.5,24
2024-11-21,0057,3.6,8.3,24
2024-11-21,0075,3.3958333333333335,5.9,24
2024-11-21,0076,2.404166666666667,5.6,24
2024-11-22,0004,6.408333333333333,8.7,24
2024-11-22,0048,4.7375,7.1,48
2024-11-22,0055,5.1875,7.4,24
2024-11-22,0057,5.8375,7.9,24
2024-11-22,0075,6.0875,8.6,24
2024-11-22,0076,4.429166666666666,6.3,24
2024-11-23,0004,4.0875,6.7,24
2024-11-23,0048,3.451020408163265,6,49
2024-11-23,0055,3.5541666666666667,5.1,24
2024-11-23,0057,4.029166666666667,5.9,24
2024-11-23,0075,3.575,6.2,24
2024-11-23,0076,2.8541666666666665,4.3,24
2024-11-24,0004,5.441666666666666,10.2,24
2024-11-24,0048,4.483333333333333,9.1,48
2024-11-24,0055,4.841666666666667,8.8,24
2024-11-24,0057,5.241666666666667,9.6,24
2024-11-24,0075,4.45,8.8,24
2024-11-24,0076,3.9782608695652177,7.6,23
2024-11-25,0004,12.295833333333333,14.9,24
2024-11-25,0048,10.064583333333333,13.1,48
2024-11-25,0055,10.883333333333333,14.4,24
2024-11-25,0057,11.254166666666666,14.4,24
2024-11-25,0075,10.795833333333334,14.7,24
2024-11-25,0076,9.0375,12.3,24
2024-11-26,0004,8.954166666666666,16.7,24
2024-11-26,0048,7.573469387755102,16.6,49
2024-11-26,0055,7.754166666666666,15.4,24
2024-11-26,0057,8.65,16.2,24
2024-11-26,0075,8.166666666666666,18.7,24
2024-11-26,0076,6.908333333333333,13.7,24
2024-11-27,0004,10.108333333333334,20.5,24
2024-11-27,0048,7.533333333333333,13.1,48
2024-11-27,0055,8.029166666666667,12.2,24
2024-11-27,0057,8.458333333333334,14.5,24
2024-11-27,0075,8.829166666666666,15.4,24
2024-11-27,0076,6.470833333333333,14.3,24
2024-11-28,0004,7.025,11.3,24
2024-11-28,0048,5.579166666666667,9.5,48
2024-11-28,0055,5.854166666666666,10.6,24
2024-11-28,0057,6.470833333333333,12.5,24
2024-11-28,0075,6.554166666666666,11.3,24
2024-11-28,0076,5.483333333333333,9.4,24
2024-11-29,0004,7.075,10.6,24
2024-11-29,0048,5.4918367346938775,8.4,49
2024-11-29,0055,5.841666666666667,8.3,24
2024-11-29,0057,6.425,9.2,24
2024-11-29,0075,6.204166666666667,9.1,24
2024-11-29,0076,5.108333333333333,7.3,24
2024-11-30,0004,8.533333333333333,10,24
2024-11-30,0048,7.077083333333333,8.8,48
2024-11-30,0055,7.579166666666667,9,24
2024-11-30,0057,8.116666666666667,9.7,24
2024-11-30,0075,7.870833333333334,9.3,24
2024-11-30,0076,6.633333333333333,8,24
2024-12-01,0004,12.208333333333334,18.4,24
2024-12-01,0048,10.279166666666667,16.6,48
2024-12-01,0055,10.808333333333334,15.2,24
2024-12-01,0057,10.970833333333333,16.6,24
2024-12-01,0075,11.125,16.8,24
2024-12-01,0076,10.170833333333333,17.7,24
2024-12-02,0004,10.6,16.8,24
2024-12-02,0048,9.270212765957448,13.7,47
2024-12-02,0055,9.670833333333334,14.3,24
2024-12-02,0057,10.2125,13,24
2024-12-02,0075,9.791304347826086,14,23
2024-12-02,0076,8.229166666666666,15.3,24
2024-12-03,0004,9.8875,13.8,24
2024-12-03,0048,8.420833333333333,12.3,48
2024-12-03,0055,8.352173913043478,11,23
2024-12-03,0057,9.279166666666667,11.6,24
2024-12-03,0075,9.004166666666666,11.6,24
2024-12-03,0076,7.158333333333333,9.7,24
2024-12-04,0004,11.6375,16,24
2024-12-04,0048,9.283333333333333,14.3,48
2024-12-04,0055,10.091666666666667,15.6,24
2024-12-04,0057,10.970833333333333,16.4,24
2024-12-04,0075,10.283333333333333,15.7,24
2024-12-04,0076,8.829166666666667,13.3,24
2024-12-05,0004,8.375,15.3,24
2024-12-05,0048,7.027083333333333,13.9,48
2024-12-05,0055,7.208333333333333,12.8,24
2024-12-05,0057,8.133333333333333,15.5,24
2024-12-05,0075,7.308333333333333,13.2,24
2024-12-05,0076,6.758333333333333,12.8,24
2024-12-06,0004,4.791666666666667,8.9,24
2024-12-06,0048,4.266666666666667,6.4,48
2024-12-06,0055,4.216666666666667,7.4,24
2024-12-06,0057,4.852173913043478,8.2,23
2024-12-06,0075,4.3826086956521735,6.3,23
2024-12-06,0076,3.466666666666667,6.4,24
2024-12-07,0004,9.6875,16.1,24
2024-12-07,0048,7.783333333333333,13.5,48
2024-12-07,0055,8.1125,12.1,24
2024-12-07,0057,9.1,14.8,24
2024-12-07,0075,8.675,14.7,24
2024-12-07,0076,7.1875,10.5,24
2024-12-08,0004,9.5375,20.3,24
2024-12-08,0048,7.575,21,48
2024-12-08,0055,7.566666666666666,13.4,24
2024-12-08,0057,8.604166666666668,17.3,24
2024-12-08,0075,8.549999999999999,16.7,24
2024-12-08,0076,7.1,16.8,24
2024-12-09,0004,20.595833333333335,27.7,24
2024-12-09,0048,19.5125,27.1,48
2024-12-09,0055,17.45,22.2,24
2024-12-09,0057,20.7125,27.5,24
2024-12-09,0075,18.475,22.5,24
2024-12-09,0076,15.379166666666666,18.3,24
2024-12-10,0004,24.591666666666665,28.6,24
2024-12-10,0048,21.391489361702128,29.6,47
2024-12-10,0055,23.641666666666666,42.3,24
2024-12-10,0057,23.783333333333335,31.8,24
2024-12-10,0075,21.416666666666668,29,24
2024-12-10,0076,23.204166666666666,28.6,24
2024-12-11,0004,6.641666666666667,22,24
2024-12-11,0048,4.983673469387755,20,49
2024-12-11,0055,5.15,13.8,24
2024-12-11,0057,6.433333333333334,18.8,24
2024-12-11,0075,5.179166666666667,14.9,24
2024-12-11,0076,6.4125,19.4,24
2024-12-12,0004,6.608333333333333,10.2,24
2024-12-12,0048,5.629166666666666,9.3,48
2024-12-12,0055,6.060869565217391,9.3,23
2024-12-12,0057,6.654166666666667,10.4,24
2024-12-12,0075,6.266666666666667,9.1,24
2024-12-12,0076,5.083333333333333,8,24
2024-12-13,0004,7.2727272727272725,10.1,22
2024-12-13,0048,6.437777777777778,9.5,45
2024-12-13,0055,6.0375,7.3,24
2024-12-13,0057,7.3625,10.7,24
2024-12-13,0075,7.033333333333333,10.8,24
2024-12-13,0076,5.729166666666667,8.5,24
2024-12-14,0004,7.691666666666666,12.7,24
2024-12-14,0048,6.408163265306122,10.2,49
2024-12-14,0055,6.766666666666667,9.9,24
2024-12-14,0057,7.675,12.3,24
2024-12-14,0075,7.916666666666667,15.6,24
2024-12-14,0076,6.204166666666667,7.2,24
2024-12-15,0004,11.233333333333333,14.5,24
2024-12-15,0048,9.539583333333333,12.8,48
2024-12-15,0055,9.208333333333334,11.4,24
2024-12-15,0057,11.279166666666667,13.3,24
2024-12-15,0075,11.3,17.4,24
2024-12-15,0076,8.733333333333333,13.3,24
2024-12-16,0004,7.983333333333333,13.8,24
2024-12-16,0048,6.460416666666667,10,48
2024-12-16,0055,6.720833333333333,10.7,24
2024-12-16,0057,8.2625,12.2,24
2024-12-16,0075,7.7124999999999995,12.1,24
2024-12-16,0076,7.2375,12.4,24
2024-12-17,0004,10.704166666666667,16.5,24
2024-12-17,0048,9.269387755102041,15,49
2024-12-17,0055,9.4625,13.7,24
2024-12-17,0057,9.591666666666667,15.5,24
2024-12-17,0075,10.379166666666666,15.4,24
2024-12-17,0076,7.625,13.5,24
2024-12-18,0004,9.95,17,24
2024-12-18,0048,8.264583333333333,16.6,48
2024-12-18,0055,8.145833333333334,14.5,24
2024-12-18,0057,10.795833333333333,31.8,24
2024-12-18,0075,8.341666666666667,14,24
2024-12-18,0076,7.158333333333333,13.7,24
2024-12-19,0004,5.875,18,24
2024-12-19,0048,5.254166666666666,16.2,48
2024-12-19,0055,5.0375,12.3,24
2024-12-19,0057,6.170833333333333,15.9,24
2024-12-19,0075,5.683333333333334,13.8,24
2024-12-19,0076,4.945833333333334,13.4,24
2024-12-20,0004,7.5,12.6,24
2024-12-20,0048,6.416666666666667,11.8,48
2024-12-20,0055,6.629166666666666,10.3,24
2024-12-20,0057,8.339130434782609,12.6,23
2024-12-20,0075,8.970833333333333,23.6,24
2024-12-20,0076,6.108333333333333,10.4,24
2024-12-21,0004,4.954166666666667,12.1,24
2024-12-21,0048,4.33125,10.5,48
2024-12-21,0055,4.079166666666667,12.2,24
2024-12-21,0057,5.154166666666667,13.9,24
2024-12-21,0075,5.529166666666667,12.7,24
2024-12-21,0076,3.7416666666666667,11.7,24
2024-12-22,0004,5.0625,6.7,24
2024-12-22,0048,4.202083333333333,5.5,48
2024-12-22,0055,4.008333333333333,5.4,24
2024-12-22,0057,4.979166666666667,6.7,24
2024-12-22,0075,5.216666666666667,7.7,24
2024-12-22,0076,3.9375,5.7,24
2024-12-23,0004,8.104166666666666,14.8,24
2024-12-23,0048,6.4346938775510205,11,49
2024-12-23,0055,6.566666666666666,9.8,24
2024-12-23,0057,7.8375,12,24
2024-12-23,0075,8.054166666666667,14.4,24
2024-12-23,0076,6.573913043478261,13.8,23
2024-12-24,0004,16.770833333333332,24.9,24
2024-12-24,0048,15.145833333333334,28.6,48
2024-12-24,0055,13.0375,18.9,24
2024-12-24,0057,15.745833333333334,24.6,24
2024-12-24,0075,19.2125,40.4,24
2024-12-24,0076,13.9375,23.1,24
2024-12-25,0004,17.40833333333333,28.5,24
2024-12-25,0048,15.893749999999999,29,48
2024-12-25,0055,14.6625,24.6,24
2024-12-25,0057,17.570833333333333,27.7,24
2024-12-25,0075,15.925,30,24
2024-12-25,0076,17.383333333333333,29.9,24
2024-12-26,0004,14.704166666666666,22,24
2024-12-26,0048,13.628571428571428,21,49
2024-12-26,0055,12.529166666666667,19.8,24
2024-12-26,0057,15.233333333333333,24.3,24
2024-12-26,0075,15.070833333333333,21.7,24
2024-12-26,0076,12.425,20.8,24
2024-12-27,0004,24.454166666666666,41.7,24
2024-12-27,0048,22.066666666666666,29.7,48
2024-12-27,0055,20.833333333333332,27.3,24
2024-12-27,0057,24.4875,32.2,24
2024-12-27,0075,20.658333333333335,24.5,24
2024-12-27,0076,23.291666666666668,29.5,24
2024-12-28,0004,12.1,15.8,24
2024-12-28,0048,10.608333333333333,17.9,48
2024-12-28,0055,9.283333333333333,11.6,24
2024-12-28,0057,12.7625,16.5,24
2024-12-28,0075,14.108333333333334,21.3,24
2024-12-28,0076,10.2125,16.8,24
2024-12-29,0004,6.954166666666667,15.4,24
2024-12-29,0048,5.333333333333334,12.6,48
2024-12-29,0055,6.566666666666666,13.7,24
2024-12-29,0057,7.2,13.6,24
2024-12-29,0075,6.558333333333334,15.8,24
2024-12-29,0076,6.3,13,24
2024-12-30,0004,4.316666666666666,8.3,24
2024-12-30,0048,3.314583333333333,7,48
2024-12-30,0055,3.5875,6.2,24
2024-12-30,0057,3.6166666666666667,5.7,24
2024-12-30,0075,3.9375,6.7,24
2024-12-30,0076,3.3791666666666664,9.5,24
2024-12-31,0004,7.833333333333333,14.2,18
2024-12-31,0048,6.895833333333333,38.3,48
2024-12-31,0055,6.516666666666667,10.7,24
2024-12-31,0057,6.533333333333333,12.4,24
2024-12-31,0075,6.6875,10.2,24
2024-12-31,0076,5.791666666666667,14.7,24
